{
    "frameeffect": {
        "blend_mode": 1,
        "cylinder_enable": false,
        "delay": 0.0,
        "delay_in_loop": false,
        "depth_test": true,
        "face_camera": false,
        "fade_distance": 0.0,
        "first_person_enable": false,
        "fps": 8,
        "frame_color": [
            [
                1,
                1,
                1,
                0.43999999999999995
            ],
            [
                1,
                1,
                1,
                0.7333333333333334
            ],
            [
                1,
                1,
                1,
                0.92
            ],
            [
                1,
                1,
                1,
                0.98
            ],
            [
                1,
                1,
                1,
                1.0
            ],
            [
                1,
                1,
                1,
                0.9866666666666667
            ],
            [
                1,
                1,
                1,
                0.92
            ],
            [
                1,
                1,
                1,
                0.7266666666666667
            ],
            [
                1,
                1,
                1,
                0.43999999999999995
            ]
        ],
        "layer": 1,
        "lerp_scale": true,
        "loop": true,
        "point_filtering": true,
        "rot_speed": [
            0,
            0,
            0
        ],
        "scale": [
            0.55,
            0.55,
            1.0
        ],
        "shuffle": false,
        "sub_layer": 5,
        "tex_repeat_num": [
            1,
            1
        ],
        "texture": "textures/sfxs/2025s2/cs_s4diaoling_weapon_bodyg01"
    }
}