{
    "frameeffect": {
        "blend_mode": 2,
        "cylinder_enable": false,
        "delay": 0.0,
        "delay_in_loop": false,
        "depth_test": true,
        "face_camera": false,
        "fade_distance": 0.0,
        "first_person_enable": false,
        "fps": 10,
        "frame_color": [
            [
                1,
                1,
                1,
                0.6133333333333333
            ],
            [
                1,
                1,
                1,
                0.6133333333333333
            ],
            [
                1,
                1,
                1,
                0.6266666666666667
            ],
            [
                1,
                1,
                1,
                0.62
            ],
            [
                1,
                1,
                1,
                0.6066666666666667
            ],
            [
                1,
                1,
                1,
                0.62
            ],
            [
                1,
                1,
                1,
                0.6466666666666667
            ],
            [
                1,
                1,
                1,
                0.62
            ],
            [
                1,
                1,
                1,
                0.6
            ],
            [
                1,
                1,
                1,
                0.6133333333333333
            ]
        ],
        "layer": 1,
        "lerp_scale": true,
        "loop": true,
        "point_filtering": true,
        "rot_speed": [
            0,
            0,
            0
        ],
        "scale": [
            0.51,
            0.5,
            1.0
        ],
        "shuffle": false,
        "sub_layer": 2,
        "tex_repeat_num": [
            1,
            1
        ],
        "texture": "textures/sfxs/2025s2/cs_s4diaoling_weapon_jrglow01"
    }
}