{
    "frameeffect": {
        "blend_mode": 1,
        "cylinder_enable": true,
        "cylinder_frac_num": 20,
        "cylinder_height": 2.0,
        "cylinder_radius_down": 1.2,
        "cylinder_radius_up": 4.0,
        "delay": 1.47,
        "delay_in_loop": false,
        "depth_test": true,
        "face_camera": false,
        "fade_distance": 0.0,
        "first_person_enable": false,
        "fps": 64,
        "frame_color": [
            [
                1,
                1,
                1,
                1
            ],
            [
                1,
                1,
                1,
                1
            ],
            [
                1,
                1,
                1,
                1
            ],
            [
                1,
                1,
                1,
                1
            ],
            [
                1,
                1,
                1,
                1
            ],
            [
                1,
                1,
                1,
                1
            ],
            [
                1,
                1,
                1,
                1
            ],
            [
                1,
                1,
                1,
                0.9
            ],
            [
                1,
                1,
                1,
                0.8333333333333334
            ],
            [
                1,
                1,
                1,
                0.78
            ],
            [
                1,
                1,
                1,
                0.7066666666666667
            ],
            [
                1,
                1,
                1,
                0.64
            ],
            [
                1,
                1,
                1,
                0.6
            ],
            [
                1,
                1,
                1,
                0.5933333333333333
            ],
            [
                1,
                1,
                1,
                0.5666666666666667
            ],
            [
                1,
                1,
                1,
                0.52
            ],
            [
                1,
                1,
                1,
                0.4866666666666667
            ]
        ],
        "layer": 5,
        "lerp_scale": true,
        "loop": false,
        "point_filtering": true,
        "rot_speed": [
            0.0,
            10.0,
            0.0
        ],
        "scale": [
            2.0,
            -2.0,
            2.0
        ],
        "shuffle": false,
        "sub_layer": 0,
        "tex_repeat_num": [
            5,
            1
        ],
        "texture": "textures/sfxs/2025s2/cs_s4diaoling_zhuchengruchang_dici4"
    }
}