{
    "frameeffect": {
        "blend_mode": 2,
        "cylinder_enable": true,
        "cylinder_frac_num": 24,
        "cylinder_height": 3.5,
        "cylinder_radius_down": 0.09,
        "cylinder_radius_up": 1.8000000000000003,
        "delay": 0.87,
        "delay_in_loop": false,
        "depth_test": true,
        "face_camera": false,
        "fade_distance": 0.0,
        "first_person_enable": false,
        "fps": 112,
        "frame_color": [
            [
                1,
                1,
                1,
                0.7533333333333333
            ],
            [
                1,
                1,
                1,
                0.94
            ],
            [
                1,
                1,
                1,
                1
            ],
            [
                1,
                1,
                1,
                1.0
            ],
            [
                1,
                1,
                1,
                0.88
            ],
            [
                1,
                1,
                1,
                0.5066666666666666
            ],
            [
                1,
                1,
                1,
                0.36
            ],
            [
                1,
                1,
                1,
                0.26
            ],
            [
                1,
                1,
                1,
                0.21999999999999997
            ],
            [
                1,
                1,
                1,
                0.18000000000000005
            ],
            [
                1,
                1,
                1,
                0.15333333333333332
            ],
            [
                1,
                1,
                1,
                0.11333333333333329
            ],
            [
                1,
                1,
                1,
                0.09999999999999998
            ],
            [
                1,
                1,
                1,
                0.07333333333333336
            ],
            [
                1,
                1,
                1,
                0.046666666666666634
            ],
            [
                1,
                1,
                1,
                0.033333333333333326
            ],
            [
                1,
                1,
                1,
                0.0
            ]
        ],
        "layer": 0,
        "lerp_scale": true,
        "loop": false,
        "point_filtering": true,
        "rot_speed": [
            0,
            0,
            0
        ],
        "scale": [
            1.0,
            1.0,
            1.0
        ],
        "shuffle": false,
        "sub_layer": 0,
        "tex_repeat_num": [
            1,
            1
        ],
        "texture": "textures/sfxs/2025s2/cs_s4nanwu_skin_birth_sheg01"
    }
}