{
    "frameeffect": {
        "blend_mode": 2,
        "cylinder_enable": false,
        "delay": 3.9,
        "delay_in_loop": false,
        "depth_test": true,
        "face_camera": false,
        "fade_distance": 0.0,
        "first_person_enable": false,
        "fps": 80,
        "frame_color": [
            [
                1,
                1,
                1,
                0.5066666666666666
            ],
            [
                1,
                1,
                1,
                0.9066666666666666
            ],
            [
                1,
                1,
                1,
                1.0
            ],
            [
                1,
                1,
                1,
                1.0
            ],
            [
                1,
                1,
                1,
                0.96
            ],
            [
                1,
                1,
                1,
                0.9
            ],
            [
                1,
                1,
                1,
                0.7933333333333333
            ],
            [
                1,
                1,
                1,
                0.5333333333333333
            ],
            [
                1,
                1,
                1,
                0.33333333333333337
            ],
            [
                1,
                1,
                1,
                0.26
            ],
            [
                1,
                1,
                1,
                0.17333333333333334
            ],
            [
                1,
                1,
                1,
                0.1266666666666667
            ],
            [
                1,
                1,
                1,
                0.08666666666666667
            ],
            [
                1,
                1,
                1,
                0.046666666666666634
            ],
            [
                1,
                1,
                1,
                0.040000000000000036
            ],
            [
                1,
                1,
                1,
                0.0
            ],
            [
                1,
                1,
                1,
                0.0
            ]
        ],
        "layer": 14,
        "lerp_scale": true,
        "loop": false,
        "point_filtering": true,
        "rot_speed": [
            0,
            0,
            0
        ],
        "scale": [
            2.5,
            2.5,
            1.0
        ],
        "shuffle": false,
        "sub_layer": 0,
        "tex_repeat_num": [
            1,
            1
        ],
        "texture": "textures/sfxs/2025s2/cs_s4diaoling_skin_q01"
    }
}