{
    "frameeffect": {
        "blend_mode": 2,
        "cylinder_enable": false,
        "delay": 0.0,
        "delay_in_loop": false,
        "depth_test": true,
        "face_camera": true,
        "fade_distance": 0.0,
        "first_person_enable": false,
        "fps": 16,
        "frame_color": [
            [
                1,
                1,
                1,
                0.9533333333333334
            ],
            [
                1,
                1,
                1,
                1
            ],
            [
                1,
                1,
                1,
                0.9666666666666667
            ],
            [
                1,
                1,
                1,
                0.9266666666666666
            ],
            [
                1,
                1,
                1,
                0.9133333333333333
            ],
            [
                1,
                1,
                1,
                0.86
            ],
            [
                1,
                1,
                1,
                0.84
            ],
            [
                1,
                1,
                1,
                0.7866666666666666
            ],
            [
                1,
                1,
                1,
                0.7266666666666667
            ],
            [
                1,
                1,
                1,
                0.8
            ],
            [
                1,
                1,
                1,
                0.8200000000000001
            ],
            [
                1,
                1,
                1,
                0.8666666666666667
            ],
            [
                1,
                1,
                1,
                0.8866666666666667
            ],
            [
                1,
                1,
                1,
                0.9
            ],
            [
                1,
                1,
                1,
                0.9133333333333333
            ],
            [
                1,
                1,
                1,
                0.9266666666666666
            ],
            [
                1,
                1,
                1,
                0.9533333333333334
            ]
        ],
        "layer": 5,
        "lerp_scale": true,
        "loop": true,
        "point_filtering": true,
        "rot_speed": [
            0.0,
            0.0,
            0.0
        ],
        "scale": [
            0.22,
            0.22,
            0.18
        ],
        "shuffle": false,
        "sub_layer": 0,
        "tex_repeat_num": [
            1,
            1
        ],
        "texture": "textures/sfxs/2025s2/cs_s4nanwu_skin_xdglow01"
    }
}