{
    "frameeffect": {
        "blend_mode": 2,
        "cylinder_enable": true,
        "cylinder_frac_num": 12,
        "cylinder_height": 3.0,
        "cylinder_radius_down": 0.3,
        "cylinder_radius_up": 1.25,
        "delay": 0.0,
        "delay_in_loop": false,
        "depth_test": true,
        "face_camera": false,
        "fade_distance": 0.0,
        "first_person_enable": false,
        "fps": 32,
        "frame_color": [
            [
                1,
                1,
                1,
                0.14
            ],
            [
                1,
                1,
                1,
                0.14
            ],
            [
                1,
                1,
                1,
                0.14
            ],
            [
                1,
                1,
                1,
                0.14
            ],
            [
                1,
                1,
                1,
                0.1466666666666666
            ],
            [
                1,
                1,
                1,
                0.1466666666666666
            ],
            [
                1,
                1,
                1,
                0.1466666666666666
            ],
            [
                1,
                1,
                1,
                0.1466666666666666
            ],
            [
                1,
                1,
                1,
                0.14
            ],
            [
                1,
                1,
                1,
                0.1466666666666666
            ],
            [
                1,
                1,
                1,
                0.1466666666666666
            ],
            [
                1,
                1,
                1,
                0.15333333333333332
            ],
            [
                1,
                1,
                1,
                0.15333333333333332
            ],
            [
                1,
                1,
                1,
                0.16000000000000003
            ],
            [
                1,
                1,
                1,
                0.1466666666666666
            ],
            [
                1,
                1,
                1,
                0.1466666666666666
            ],
            [
                1,
                1,
                1,
                0.14
            ]
        ],
        "layer": 1,
        "lerp_scale": true,
        "loop": true,
        "point_filtering": true,
        "rot_speed": [
            0,
            0,
            0
        ],
        "scale": [
            1,
            1,
            1
        ],
        "shuffle": false,
        "sub_layer": 0,
        "tex_repeat_num": [
            1,
            1
        ],
        "texture": "textures/sfxs/2025s2/cs_s4hongshi_horse_ql"
    }
}