{
    "frameeffect": {
        "blend_mode": 2,
        "cylinder_enable": false,
        "delay": 0.0,
        "delay_in_loop": false,
        "depth_test": true,
        "face_camera": false,
        "fade_distance": 0.0,
        "first_person_enable": false,
        "fps": 10,
        "frame_color": [
            [
                1,
                1,
                1,
                0.44666666666666666
            ],
            [
                1,
                1,
                1,
                0.5333333333333333
            ],
            [
                1,
                1,
                1,
                0.54
            ],
            [
                1,
                1,
                1,
                0.54
            ],
            [
                1,
                1,
                1,
                0.54
            ],
            [
                1,
                1,
                1,
                0.5466666666666666
            ],
            [
                1,
                1,
                1,
                0.54
            ],
            [
                1,
                1,
                1,
                0.5533333333333333
            ],
            [
                1,
                1,
                1,
                0.56
            ],
            [
                1,
                1,
                1,
                0.44666666666666666
            ]
        ],
        "layer": 1,
        "lerp_scale": true,
        "loop": true,
        "point_filtering": true,
        "rot_speed": [
            0,
            0,
            0
        ],
        "scale": [
            1.3,
            1.3,
            1.0
        ],
        "shuffle": false,
        "sub_layer": 0,
        "tex_repeat_num": [
            1,
            1
        ],
        "texture": "textures/sfxs/2025s2/ss_s4diaoling_horse_cbglow01"
    }
}