{
    "frameeffect": {
        "blend_mode": 2,
        "cylinder_enable": false,
        "delay": 0.0,
        "delay_in_loop": false,
        "depth_test": true,
        "face_camera": true,
        "fade_distance": 0.0,
        "first_person_enable": false,
        "fps": 12,
        "frame_color": [
            [
                1,
                1,
                1,
                0.5133333333333333
            ],
            [
                1,
                1,
                1,
                0.5133333333333333
            ],
            [
                1,
                1,
                1,
                0.5266666666666666
            ],
            [
                1,
                1,
                1,
                0.52
            ],
            [
                1,
                1,
                1,
                0.52
            ],
            [
                1,
                1,
                1,
                0.5133333333333333
            ],
            [
                1,
                1,
                1,
                0.5266666666666666
            ],
            [
                1,
                1,
                1,
                0.54
            ],
            [
                1,
                1,
                1,
                0.5333333333333333
            ],
            [
                1,
                1,
                1,
                0.5266666666666666
            ],
            [
                1,
                1,
                1,
                0.54
            ],
            [
                1,
                1,
                1,
                0.5333333333333333
            ],
            [
                1,
                1,
                1,
                0.54
            ],
            [
                1,
                1,
                1,
                0.54
            ],
            [
                1,
                1,
                1,
                0.5333333333333333
            ],
            [
                1,
                1,
                1,
                0.5466666666666666
            ],
            [
                1,
                1,
                1,
                0.5133333333333333
            ]
        ],
        "layer": 1,
        "lerp_scale": true,
        "loop": true,
        "point_filtering": true,
        "rot_speed": [
            0,
            0,
            0
        ],
        "scale": [
            0.7,
            0.7,
            0.7
        ],
        "shuffle": false,
        "sub_layer": 0,
        "tex_repeat_num": [
            1,
            1
        ],
        "texture": "textures/sfxs/2025s2/ss_s4nanwu_horse_gy"
    }
}