{
    "frameeffect": {
        "blend_mode": 2,
        "cylinder_enable": false,
        "delay": 0.0,
        "delay_in_loop": false,
        "depth_test": true,
        "face_camera": false,
        "fade_distance": 0.0,
        "first_person_enable": false,
        "fps": 7,
        "frame_color": [
            [
                1,
                1,
                1,
                0.38
            ],
            [
                1,
                1,
                1,
                0.45333333333333337
            ],
            [
                1,
                1,
                1,
                0.54
            ],
            [
                1,
                1,
                1,
                0.6866666666666666
            ],
            [
                1,
                1,
                1,
                0.76
            ],
            [
                1,
                1,
                1,
                0.7133333333333334
            ],
            [
                1,
                1,
                1,
                0.54
            ],
            [
                1,
                1,
                1,
                0.4066666666666666
            ],
            [
                1,
                1,
                1,
                0.3733333333333333
            ],
            [
                1,
                1,
                1,
                0.38
            ]
        ],
        "layer": 1,
        "lerp_scale": true,
        "loop": true,
        "point_filtering": true,
        "rot_speed": [
            0,
            0,
            0
        ],
        "scale": [
            0.6,
            0.87,
            0.9
        ],
        "shuffle": false,
        "sub_layer": 0,
        "tex_repeat_num": [
            1,
            1
        ],
        "texture": "textures/sfxs/2025s2/ss_s4diaoling_horse_dalian01"
    }
}