{
    "frameeffect": {
        "blend_mode": 2,
        "cylinder_enable": true,
        "cylinder_frac_num": 4,
        "cylinder_height": 1.2,
        "cylinder_radius_down": 1.0,
        "cylinder_radius_up": 1.0,
        "delay": 0.0,
        "delay_in_loop": false,
        "depth_test": true,
        "face_camera": false,
        "fade_distance": 0.0,
        "first_person_enable": false,
        "fps": 16,
        "frame_color": [
            [
                1,
                1,
                1,
                0.8066666666666666
            ],
            [
                1,
                1,
                1,
                0.8066666666666666
            ],
            [
                1,
                1,
                1,
                0.8066666666666666
            ],
            [
                1,
                1,
                1,
                0.8133333333333334
            ],
            [
                1,
                1,
                1,
                0.8133333333333334
            ],
            [
                1,
                1,
                1,
                0.8
            ],
            [
                1,
                1,
                1,
                0.8066666666666666
            ],
            [
                1,
                1,
                1,
                0.8066666666666666
            ],
            [
                1,
                1,
                1,
                0.8
            ],
            [
                1,
                1,
                1,
                0.8066666666666666
            ],
            [
                1,
                1,
                1,
                0.7866666666666666
            ],
            [
                1,
                1,
                1,
                0.72
            ],
            [
                1,
                1,
                1,
                0.6
            ],
            [
                1,
                1,
                1,
                0.45999999999999996
            ],
            [
                1,
                1,
                1,
                0.2666666666666667
            ],
            [
                1,
                1,
                1,
                0.0
            ],
            [
                1,
                1,
                1,
                1
            ]
        ],
        "layer": 3,
        "lerp_scale": true,
        "loop": false,
        "point_filtering": false,
        "rot_speed": [
            0,
            0,
            0
        ],
        "scale": [
            0.65,
            0.65,
            0.65
        ],
        "shuffle": false,
        "sub_layer": 0,
        "tex_repeat_num": [
            1,
            1
        ],
        "texture": "textures/sfxs/2025s2/ss_s4hongshi_fp_ce2"
    }
}