{
    "frameeffect": {
        "blend_mode": 1,
        "cylinder_enable": true,
        "cylinder_frac_num": 4,
        "cylinder_height": 0.18,
        "cylinder_radius_down": 0.05,
        "cylinder_radius_up": 0.1,
        "delay": 0.0,
        "delay_in_loop": false,
        "depth_test": true,
        "face_camera": false,
        "fade_distance": 0.0,
        "first_person_enable": false,
        "fps": 10,
        "frame_color": [
            [
                1,
                1,
                1,
                0.6466666666666667
            ],
            [
                1,
                1,
                1,
                0.6466666666666667
            ],
            [
                1,
                1,
                1,
                0.64
            ],
            [
                1,
                1,
                1,
                0.64
            ],
            [
                1,
                1,
                1,
                0.6466666666666667
            ],
            [
                1,
                1,
                1,
                0.6466666666666667
            ],
            [
                1,
                1,
                1,
                0.64
            ],
            [
                1,
                1,
                1,
                0.6266666666666667
            ],
            [
                1,
                1,
                1,
                0.6266666666666667
            ],
            [
                1,
                1,
                1,
                0.6266666666666667
            ],
            [
                1,
                1,
                1,
                0.64
            ],
            [
                1,
                1,
                1,
                0.64
            ],
            [
                1,
                1,
                1,
                0.6333333333333333
            ],
            [
                1,
                1,
                1,
                0.64
            ],
            [
                1,
                1,
                1,
                0.64
            ],
            [
                1,
                1,
                1,
                0.64
            ],
            [
                1,
                1,
                1,
                0.6466666666666667
            ]
        ],
        "layer": 1,
        "lerp_scale": true,
        "loop": true,
        "point_filtering": true,
        "rot_speed": [
            0,
            0,
            0
        ],
        "scale": [
            1.0,
            -1.0,
            0.0
        ],
        "shuffle": false,
        "sub_layer": 0,
        "tex_repeat_num": [
            1,
            1
        ],
        "texture": "textures/sfxs/2025s2/ss_s2neteast_skin_xinhao01"
    }
}