{
    "frameeffect": {
        "blend_mode": 2,
        "cylinder_enable": false,
        "delay": 0.07,
        "delay_in_loop": true,
        "depth_test": true,
        "face_camera": false,
        "fade_distance": 0.0,
        "first_person_enable": false,
        "fps": 14,
        "frame_color": [
            [
                1,
                1,
                1,
                0.2466666666666667
            ],
            [
                1,
                1,
                1,
                0.6466666666666667
            ],
            [
                1,
                1,
                1,
                0.8066666666666666
            ],
            [
                1,
                1,
                1,
                0.8066666666666666
            ],
            [
                1,
                1,
                1,
                0.8
            ],
            [
                1,
                1,
                1,
                0.8133333333333334
            ],
            [
                1,
                1,
                1,
                0.8066666666666666
            ],
            [
                1,
                1,
                1,
                0.7933333333333333
            ],
            [
                1,
                1,
                1,
                0.8133333333333334
            ],
            [
                1,
                1,
                1,
                0.8
            ],
            [
                1,
                1,
                1,
                0.8
            ],
            [
                1,
                1,
                1,
                0.8200000000000001
            ],
            [
                1,
                1,
                1,
                0.8
            ],
            [
                1,
                1,
                1,
                0.8133333333333334
            ],
            [
                1,
                1,
                1,
                0.8066666666666666
            ],
            [
                1,
                1,
                1,
                0.5666666666666667
            ],
            [
                1,
                1,
                1,
                0.2466666666666667
            ]
        ],
        "layer": 1,
        "lerp_scale": false,
        "loop": true,
        "point_filtering": true,
        "rot_speed": [
            0.0,
            0.0,
            0.0
        ],
        "scale": [
            0.3,
            0.3,
            1.0
        ],
        "shuffle": false,
        "sub_layer": 0,
        "tex_repeat_num": [
            1,
            1
        ],
        "texture": "textures/sfxs/2025s2/ss_s2neteast_skin_erji02"
    }
}