{
    "frameeffect": {
        "layer": 1,
        "scale": [
            0.11,
            0.18,
            1.0
        ],
        "shuffle": false,
        "fps": 13,
        "cylinder_enable": false,
        "fade_distance": 0.0,
        "depth_test": true,
        "delay_in_loop": true,
        "texture": "textures/sfxs/pet_tiger/cs_tiger_s3xd_glow",
        "delay": 0.0,
        "sub_layer": 0,
        "lerp_scale": true,
        "tex_repeat_num": [
            1,
            1
        ],
        "point_filtering": false,
        "first_person_enable": false,
        "face_camera": true,
        "rot_speed": [
            0,
            0,
            0
        ],
        "frame_color": [
            [
                1,
                1,
                1,
                0.5800000000000001
            ],
            [
                1,
                1,
                1,
                0.5733333333333333
            ],
            [
                1,
                1,
                1,
                0.6
            ],
            [
                1,
                1,
                1,
                0.6
            ],
            [
                1,
                1,
                1,
                0.6533333333333333
            ],
            [
                1,
                1,
                1,
                0.6133333333333333
            ],
            [
                1,
                1,
                1,
                0.6
            ],
            [
                1,
                1,
                1,
                0.5800000000000001
            ],
            [
                1,
                1,
                1,
                0.5533333333333333
            ],
            [
                1,
                1,
                1,
                0.56
            ],
            [
                1,
                1,
                1,
                0.6266666666666667
            ],
            [
                1,
                1,
                1,
                0.62
            ],
            [
                1,
                1,
                1,
                0.5866666666666667
            ],
            [
                1,
                1,
                1,
                0.5866666666666667
            ],
            [
                1,
                1,
                1,
                0.5533333333333333
            ],
            [
                1,
                1,
                1,
                0.5733333333333333
            ],
            [
                1,
                1,
                1,
                0.5800000000000001
            ]
        ],
        "loop": true,
        "blend_mode": 2
    }
}