{
    "frameeffect": {
        "layer": 1,
        "scale": [
            0.1,
            0.15,
            0.5
        ],
        "shuffle": false,
        "fps": 16,
        "cylinder_enable": false,
        "fade_distance": 0.0,
        "depth_test": true,
        "delay_in_loop": true,
        "texture": "textures/sfxs/pet_tiger/Ip_tiger_doraemon_and20",
        "delay": 1.3,
        "sub_layer": 0,
        "lerp_scale": true,
        "tex_repeat_num": [
            1,
            1
        ],
        "point_filtering": true,
        "first_person_enable": false,
        "face_camera": false,
        "rot_speed": [
            0,
            0,
            0
        ],
        "frame_color": [
            [
                0.5725490196078431,
                0.08235294117647059,
                1.0,
                0.8066666666666666
            ],
            [
                1,
                1,
                1,
                0.8666666666666667
            ],
            [
                1,
                1,
                1,
                0.8866666666666667
            ],
            [
                1,
                1,
                1,
                0.9066666666666666
            ],
            [
                1,
                1,
                1,
                0.92
            ],
            [
                1,
                1,
                1,
                0.88
            ],
            [
                1,
                1,
                1,
                0.88
            ],
            [
                1,
                1,
                1,
                0.92
            ],
            [
                1,
                1,
                1,
                0.9333333333333333
            ],
            [
                1,
                1,
                1,
                0.9333333333333333
            ],
            [
                1,
                1,
                1,
                0.92
            ],
            [
                1,
                1,
                1,
                0.92
            ],
            [
                0.25098039215686274,
                0.09411764705882353,
                0.5882352941176471,
                0.8066666666666666
            ],
            [
                0.403921568627451,
                0.058823529411764705,
                1.0,
                0.78
            ],
            [
                0.22745098039215686,
                0.0,
                0.7254901960784313,
                0.7333333333333334
            ],
            [
                0.20392156862745098,
                0.0,
                0.43529411764705883,
                0.7933333333333333
            ],
            [
                0.5725490196078431,
                0.08235294117647059,
                1.0,
                0.8066666666666666
            ]
        ],
        "loop": true,
        "blend_mode": 2
    }
}