{
    "frameeffect": {
        "layer": 10,
        "scale": [
            -0.13,
            -0.25,
            0.5
        ],
        "shuffle": false,
        "fps": 16,
        "cylinder_enable": false,
        "fade_distance": 0.0,
        "depth_test": true,
        "delay_in_loop": true,
        "texture": "textures/sfxs/pet_tiger/Ip_tiger_doraemon_and19",
        "delay": 0.8,
        "sub_layer": 0,
        "lerp_scale": true,
        "tex_repeat_num": [
            1,
            1
        ],
        "point_filtering": true,
        "first_person_enable": false,
        "face_camera": false,
        "rot_speed": [
            0,
            0,
            0
        ],
        "frame_color": [
            [
                1,
                1,
                1,
                0.84
            ],
            [
                1,
                1,
                1,
                0.9133333333333333
            ],
            [
                1,
                1,
                1,
                0.8733333333333333
            ],
            [
                1,
                1,
                1,
                0.8200000000000001
            ],
            [
                1,
                1,
                1,
                0.8533333333333333
            ],
            [
                1,
                1,
                1,
                0.8666666666666667
            ],
            [
                1,
                1,
                1,
                0.8266666666666667
            ],
            [
                1,
                1,
                1,
                0.8866666666666667
            ],
            [
                1,
                1,
                1,
                0.8533333333333333
            ],
            [
                1,
                1,
                1,
                0.9066666666666666
            ],
            [
                1,
                1,
                1,
                0.8533333333333333
            ],
            [
                1,
                1,
                1,
                0.8533333333333333
            ],
            [
                1,
                1,
                1,
                0.8466666666666667
            ],
            [
                1,
                1,
                1,
                0.8866666666666667
            ],
            [
                1,
                1,
                1,
                0.7933333333333333
            ],
            [
                1,
                1,
                1,
                0.8666666666666667
            ],
            [
                1,
                1,
                1,
                0.84
            ]
        ],
        "loop": true,
        "blend_mode": 2
    }
}