{
    "frameeffect": {
        "layer": 1,
        "shuffle": false,
        "cylinder_height": 0.5,
        "fade_distance": 0.0,
        "lerp_scale": true,
        "point_filtering": true,
        "delay_in_loop": false,
        "blend_mode": 2,
        "cylinder_radius_down": 0.6,
        "scale": [
            0.25,
            0.25,
            0.25
        ],
        "frame_color": [
            [
                1,
                1,
                1,
                0.2866666666666666
            ],
            [
                1,
                1,
                1,
                0.2866666666666666
            ],
            [
                1,
                1,
                1,
                0.2866666666666666
            ],
            [
                1,
                1,
                1,
                0.2866666666666666
            ],
            [
                1,
                1,
                1,
                0.2866666666666666
            ],
            [
                1,
                1,
                1,
                0.2866666666666666
            ],
            [
                1,
                1,
                1,
                0.2866666666666666
            ],
            [
                1,
                1,
                1,
                0.2866666666666666
            ],
            [
                1,
                1,
                1,
                0.2866666666666666
            ],
            [
                1,
                1,
                1,
                0.2866666666666666
            ],
            [
                1,
                1,
                1,
                0.2866666666666666
            ],
            [
                1,
                1,
                1,
                0.2866666666666666
            ],
            [
                1,
                1,
                1,
                0.2866666666666666
            ],
            [
                1,
                1,
                1,
                0.2866666666666666
            ],
            [
                1,
                1,
                1,
                0.2866666666666666
            ],
            [
                1,
                1,
                1,
                0.2866666666666666
            ],
            [
                1,
                1,
                1,
                0.2866666666666666
            ]
        ],
        "cylinder_frac_num": 4,
        "texture": "textures/sfxs/pet_tiger/ss_s3spook_pumpkin_guang",
        "cylinder_radius_up": 0.15,
        "delay": 0.0,
        "sub_layer": 0,
        "fps": 12,
        "face_camera": false,
        "cylinder_enable": true,
        "tex_repeat_num": [
            1,
            1
        ],
        "first_person_enable": false,
        "depth_test": true,
        "rot_speed": [
            0,
            0,
            0
        ],
        "loop": true
    }
}