{
    "frameeffect": {
        "layer": 1,
        "scale": [
            0.2,
            0.18,
            0.3
        ],
        "shuffle": false,
        "fps": 8,
        "cylinder_enable": false,
        "fade_distance": 0.0,
        "depth_test": true,
        "delay_in_loop": false,
        "texture": "textures/sfxs/pet_tiger/ss_tiger_game_003",
        "delay": 0.0,
        "sub_layer": 0,
        "lerp_scale": true,
        "tex_repeat_num": [
            1,
            1
        ],
        "point_filtering": false,
        "first_person_enable": false,
        "face_camera": false,
        "rot_speed": [
            0,
            0,
            0
        ],
        "frame_color": [
            [
                0.6666666666666666,
                1.0,
                0.0,
                1.0
            ],
            [
                0.6666666666666666,
                1.0,
                0.0,
                1
            ],
            [
                0.6666666666666666,
                1.0,
                0.0,
                1.0
            ],
            [
                1.0,
                1.0,
                1.0,
                1.0
            ],
            [
                1.0,
                1.0,
                1.0,
                1
            ],
            [
                1.0,
                1.0,
                1.0,
                1
            ],
            [
                0.6666666666666666,
                1.0,
                0.0,
                1
            ],
            [
                1,
                1,
                1,
                1
            ],
            [
                1,
                1,
                1,
                1
            ],
            [
                0.6666666666666666,
                1.0,
                0.0,
                1
            ],
            [
                0.6666666666666666,
                1.0,
                0.0,
                1
            ],
            [
                1.0,
                1.0,
                1.0,
                1.0
            ],
            [
                1,
                1,
                1,
                1
            ],
            [
                0.6666666666666666,
                1.0,
                0.0,
                1
            ],
            [
                0.6666666666666666,
                1.0,
                0.0,
                1
            ],
            [
                1.0,
                1.0,
                1.0,
                1
            ],
            [
                0.6666666666666666,
                1.0,
                0.0,
                1.0
            ]
        ],
        "loop": true,
        "blend_mode": 2
    }
}