{
    "frameeffect": {
        "layer": 1,
        "scale": [
            0.13,
            0.13,
            0.13
        ],
        "shuffle": false,
        "fade_distance": 0.0,
        "depth_test": true,
        "delay_in_loop": false,
        "texture": "textures/sfxs/pet_tiger/xy_tiger_paper_yu",
        "delay": 0.0,
        "frame_color": [
            [
                1,
                1,
                1,
                0.7866666666666666
            ],
            [
                1,
                1,
                1,
                0.7866666666666666
            ],
            [
                1,
                1,
                1,
                0.8
            ],
            [
                1,
                1,
                1,
                0.7866666666666666
            ],
            [
                1,
                1,
                1,
                0.78
            ],
            [
                1,
                1,
                1,
                0.78
            ],
            [
                1,
                1,
                1,
                0.7866666666666666
            ],
            [
                1,
                1,
                1,
                0.78
            ],
            [
                1,
                1,
                1,
                0.7866666666666666
            ],
            [
                1,
                1,
                1,
                0.7933333333333333
            ],
            [
                1,
                1,
                1,
                0.8
            ],
            [
                1,
                1,
                1,
                0.8
            ],
            [
                1,
                1,
                1,
                0.8
            ],
            [
                1,
                1,
                1,
                0.8
            ],
            [
                1,
                1,
                1,
                0.8066666666666666
            ],
            [
                1,
                1,
                1,
                0.8
            ],
            [
                1,
                1,
                1,
                0.7866666666666666
            ]
        ],
        "lerp_scale": true,
        "tex_repeat_num": [
            1,
            1
        ],
        "fps": 12,
        "first_person_enable": false,
        "face_camera": false,
        "rot_speed": [
            0.0,
            0.0,
            0.0
        ],
        "cylinder_enable": false,
        "loop": true,
        "blend_mode": 2
    }
}