{
    "frameeffect": {
        "blend_mode": 2,
        "cylinder_enable": false,
        "delay": 1.05,
        "delay_in_loop": false,
        "depth_test": true,
        "face_camera": false,
        "fade_distance": 0.0,
        "first_person_enable": false,
        "fps": 13,
        "frame_color": [
            [
                1.0,
                0.0,
                0.0,
                0.0
            ],
            [
                1.0,
                0.9176470588235294,
                0.0,
                0.33999999999999997
            ],
            [
                1.0,
                0.9176470588235294,
                0.0,
                0.5666666666666667
            ],
            [
                1.0,
                0.9176470588235294,
                0.0,
                0.74
            ],
            [
                1.0,
                0.9176470588235294,
                0.0,
                0.8933333333333333
            ],
            [
                1.0,
                0.9176470588235294,
                0.0,
                1
            ],
            [
                1.0,
                0.9176470588235294,
                0.0,
                1
            ],
            [
                1.0,
                0.9176470588235294,
                0.0,
                1
            ],
            [
                1.0,
                0.9176470588235294,
                0.0,
                1
            ],
            [
                1.0,
                0.9176470588235294,
                0.0,
                1
            ],
            [
                1.0,
                0.9176470588235294,
                0.0,
                1
            ],
            [
                1.0,
                0.9176470588235294,
                0.0,
                0.9
            ],
            [
                1.0,
                0.9176470588235294,
                0.0,
                0.7733333333333333
            ],
            [
                1.0,
                0.9176470588235294,
                0.0,
                0.6666666666666667
            ],
            [
                1.0,
                0.9176470588235294,
                0.0,
                0.56
            ],
            [
                1.0,
                0.9176470588235294,
                0.0,
                0.38
            ],
            [
                1.0,
                0.0,
                0.0,
                0.0
            ]
        ],
        "layer": 5,
        "lerp_scale": true,
        "loop": false,
        "point_filtering": false,
        "rot_speed": [
            0,
            0,
            0
        ],
        "scale": [
            1.0,
            1.1,
            1.0
        ],
        "shuffle": false,
        "sub_layer": 3,
        "tex_repeat_num": [
            1,
            1
        ],
        "texture": "textures/sfxs/2025s1/cs_s3kjys_skinA_birth_deng01"
    }
}