{
    "frameeffect": {
        "blend_mode": 1,
        "cylinder_enable": false,
        "delay": 1.15,
        "delay_in_loop": false,
        "depth_test": false,
        "face_camera": false,
        "fade_distance": 0.0,
        "first_person_enable": false,
        "fps": 20,
        "frame_color": [
            [
                1,
                1,
                1,
                0.0
            ],
            [
                1,
                1,
                1,
                0.20666666666666667
            ],
            [
                1,
                1,
                1,
                0.2533333333333333
            ],
            [
                1,
                1,
                1,
                0.24
            ],
            [
                1,
                1,
                1,
                0.2466666666666667
            ],
            [
                1,
                1,
                1,
                0.2533333333333333
            ],
            [
                1,
                1,
                1,
                0.24
            ],
            [
                1,
                1,
                1,
                0.2533333333333333
            ],
            [
                1,
                1,
                1,
                0.26
            ],
            [
                1,
                1,
                1,
                0.26
            ],
            [
                1,
                1,
                1,
                0.2533333333333333
            ],
            [
                1,
                1,
                1,
                0.2533333333333333
            ],
            [
                1,
                1,
                1,
                0.2666666666666667
            ],
            [
                1,
                1,
                1,
                0.2666666666666667
            ],
            [
                1,
                1,
                1,
                0.2666666666666667
            ],
            [
                1,
                1,
                1,
                0.2533333333333333
            ],
            [
                1,
                1,
                1,
                0.2466666666666667
            ]
        ],
        "layer": 5,
        "lerp_scale": true,
        "loop": false,
        "point_filtering": true,
        "rot_speed": [
            0,
            0,
            0
        ],
        "scale": [
            2.0,
            1.5,
            1.0
        ],
        "shuffle": false,
        "sub_layer": 2,
        "tex_repeat_num": [
            1,
            1
        ],
        "texture": "textures/sfxs/2025s1/cs_s3kjys_skinA_birth_huo111"
    }
}