{
    "frameeffect": {
        "blend_mode": 2,
        "cylinder_enable": false,
        "delay": 0.0,
        "delay_in_loop": false,
        "depth_test": true,
        "face_camera": true,
        "fade_distance": 0.0,
        "first_person_enable": false,
        "fps": 13,
        "frame_color": [
            [
                1.0,
                1.0,
                1.0,
                0.24
            ],
            [
                1.0,
                1.0,
                1.0,
                0.5133333333333333
            ],
            [
                1.0,
                1.0,
                1.0,
                0.6799999999999999
            ],
            [
                1.0,
                1.0,
                1.0,
                0.8333333333333334
            ],
            [
                1.0,
                1.0,
                1.0,
                0.86
            ],
            [
                1.0,
                1.0,
                1.0,
                0.8
            ],
            [
                1.0,
                1.0,
                1.0,
                0.6799999999999999
            ],
            [
                1.0,
                1.0,
                1.0,
                0.45333333333333337
            ],
            [
                1.0,
                1.0,
                1.0,
                0.24
            ]
        ],
        "layer": 1,
        "lerp_scale": true,
        "loop": true,
        "point_filtering": true,
        "rot_speed": [
            0,
            0,
            0
        ],
        "scale": [
            0.18,
            0.18,
            1.0
        ],
        "shuffle": false,
        "sub_layer": 1,
        "tex_repeat_num": [
            1,
            1
        ],
        "texture": "textures/sfxs/2025s1/cs_s3xd_weapon_xuli_glow01"
    }
}