{
    "frameeffect": {
        "blend_mode": 2,
        "cylinder_enable": false,
        "delay": 1.05,
        "delay_in_loop": false,
        "depth_test": false,
        "face_camera": false,
        "fade_distance": 0.0,
        "first_person_enable": false,
        "fps": 13,
        "frame_color": [
            [
                1.0,
                0.0,
                0.0,
                0.0
            ],
            [
                1.0,
                0.0,
                0.0,
                0.5
            ],
            [
                1.0,
                0.0,
                0.0,
                0.7933333333333333
            ],
            [
                1.0,
                0.0,
                0.0,
                0.9666666666666667
            ],
            [
                1.0,
                0.0,
                0.0,
                1
            ],
            [
                1.0,
                0.0,
                0.0,
                1
            ],
            [
                1.0,
                0.0,
                0.0,
                1
            ],
            [
                1.0,
                0.0,
                0.0,
                1
            ],
            [
                1.0,
                0.0,
                0.0,
                1
            ],
            [
                1.0,
                0.0,
                0.0,
                1
            ],
            [
                1.0,
                0.0,
                0.0,
                1
            ],
            [
                1.0,
                0.0,
                0.0,
                1
            ],
            [
                1.0,
                0.0,
                0.0,
                0.88
            ],
            [
                1.0,
                0.0,
                0.0,
                0.72
            ],
            [
                1.0,
                0.0,
                0.0,
                0.5133333333333333
            ],
            [
                1.0,
                0.0,
                0.0,
                0.23333333333333328
            ],
            [
                1.0,
                0.0,
                0.0,
                0.0
            ]
        ],
        "layer": 5,
        "lerp_scale": true,
        "loop": false,
        "point_filtering": false,
        "rot_speed": [
            0,
            0,
            0
        ],
        "scale": [
            1,
            1,
            1
        ],
        "shuffle": false,
        "sub_layer": 3,
        "tex_repeat_num": [
            1,
            1
        ],
        "texture": "textures/sfxs/2025s1/cs_s3kjys_skinA_birth_deng01"
    }
}