{
    "frameeffect": {
        "blend_mode": 2,
        "cylinder_enable": false,
        "delay": 0.1,
        "delay_in_loop": false,
        "depth_test": true,
        "face_camera": false,
        "fade_distance": 0.0,
        "first_person_enable": false,
        "fps": 30,
        "frame_color": [
            [
                1.0,
                1.0,
                1.0,
                0.6133333333333333
            ],
            [
                1.0,
                1.0,
                1.0,
                0.6133333333333333
            ],
            [
                1.0,
                1.0,
                1.0,
                0.6133333333333333
            ],
            [
                1.0,
                1.0,
                1.0,
                0.5866666666666667
            ],
            [
                1.0,
                1.0,
                1.0,
                0.6066666666666667
            ],
            [
                1.0,
                1.0,
                1.0,
                0.62
            ],
            [
                1.0,
                1.0,
                1.0,
                0.6133333333333333
            ],
            [
                1.0,
                1.0,
                1.0,
                0.6066666666666667
            ],
            [
                1.0,
                0.48627450980392156,
                0.49411764705882355,
                0.7066666666666667
            ],
            [
                1.0,
                0.48627450980392156,
                0.49411764705882355,
                0.7266666666666667
            ],
            [
                1.0,
                0.48627450980392156,
                0.49411764705882355,
                0.7066666666666667
            ],
            [
                1.0,
                0.48627450980392156,
                0.49411764705882355,
                0.7
            ],
            [
                1.0,
                0.48627450980392156,
                0.49411764705882355,
                0.7266666666666667
            ],
            [
                1.0,
                0.48627450980392156,
                0.49411764705882355,
                0.74
            ],
            [
                1.0,
                0.48627450980392156,
                0.49411764705882355,
                0.7
            ],
            [
                1.0,
                0.48627450980392156,
                0.49411764705882355,
                0.7
            ],
            [
                1.0,
                1.0,
                1.0,
                0.6266666666666667
            ]
        ],
        "layer": 1,
        "lerp_scale": true,
        "loop": false,
        "point_filtering": true,
        "rot_speed": [
            0,
            0,
            0
        ],
        "scale": [
            1.0,
            1.5,
            1.0
        ],
        "shuffle": false,
        "sub_layer": 1,
        "tex_repeat_num": [
            1,
            1
        ],
        "texture": "textures/sfxs/2025s1/cs_s2glitch_weaponA_star1"
    }
}