{
    "frameeffect": {
        "blend_mode": 1,
        "cylinder_enable": false,
        "delay": 1.15,
        "delay_in_loop": false,
        "depth_test": false,
        "face_camera": false,
        "fade_distance": 0.0,
        "first_person_enable": false,
        "fps": 20,
        "frame_color": [
            [
                1,
                1,
                1,
                0.0
            ],
            [
                1,
                1,
                1,
                0.033333333333333326
            ],
            [
                1,
                1,
                1,
                0.046666666666666634
            ],
            [
                1,
                1,
                1,
                0.06000000000000005
            ],
            [
                1,
                1,
                1,
                0.08666666666666667
            ],
            [
                1,
                1,
                1,
                0.12
            ],
            [
                1,
                1,
                1,
                0.1466666666666666
            ],
            [
                1,
                1,
                1,
                0.18666666666666665
            ],
            [
                1,
                1,
                1,
                0.21999999999999997
            ],
            [
                1,
                1,
                1,
                0.21999999999999997
            ],
            [
                1,
                1,
                1,
                0.21333333333333337
            ],
            [
                1,
                1,
                1,
                0.19999999999999996
            ],
            [
                1,
                1,
                1,
                0.20666666666666667
            ],
            [
                1,
                1,
                1,
                0.20666666666666667
            ],
            [
                1,
                1,
                1,
                0.21333333333333337
            ],
            [
                1,
                1,
                1,
                0.20666666666666667
            ],
            [
                1,
                1,
                1,
                0.19333333333333336
            ]
        ],
        "layer": 5,
        "lerp_scale": true,
        "loop": false,
        "point_filtering": true,
        "rot_speed": [
            0,
            0,
            0
        ],
        "scale": [
            1.8,
            1.8,
            1.0
        ],
        "shuffle": false,
        "sub_layer": 0,
        "tex_repeat_num": [
            1,
            1
        ],
        "texture": "textures/sfxs/2025s1/cs_s3kjys_skinA_birth_shui111"
    }
}