{
    "frameeffect": {
        "blend_mode": 1,
        "cylinder_enable": true,
        "cylinder_frac_num": 24,
        "cylinder_height": 3.0,
        "cylinder_radius_down": 9.0,
        "cylinder_radius_up": 4.0,
        "delay": 2.3,
        "delay_in_loop": false,
        "depth_test": true,
        "face_camera": false,
        "fade_distance": 0.0,
        "first_person_enable": false,
        "fps": 10,
        "frame_color": [
            [
                0.15294117647058825,
                0.2627450980392157,
                0.3254901960784314,
                0.3466666666666667
            ],
            [
                0.15294117647058825,
                0.2627450980392157,
                0.3254901960784314,
                0.48
            ],
            [
                0.15294117647058825,
                0.2627450980392157,
                0.3254901960784314,
                0.5466666666666666
            ],
            [
                0.15294117647058825,
                0.2627450980392157,
                0.3254901960784314,
                0.6333333333333333
            ],
            [
                0.15294117647058825,
                0.2627450980392157,
                0.3254901960784314,
                0.6466666666666667
            ],
            [
                0.15294117647058825,
                0.2627450980392157,
                0.3254901960784314,
                0.6466666666666667
            ],
            [
                0.15294117647058825,
                0.2627450980392157,
                0.3254901960784314,
                0.62
            ],
            [
                0.15294117647058825,
                0.2627450980392157,
                0.3254901960784314,
                0.5800000000000001
            ],
            [
                0.15294117647058825,
                0.2627450980392157,
                0.3254901960784314,
                0.54
            ],
            [
                0.15294117647058825,
                0.2627450980392157,
                0.3254901960784314,
                0.4933333333333333
            ],
            [
                0.15294117647058825,
                0.2627450980392157,
                0.3254901960784314,
                0.42000000000000004
            ],
            [
                0.15294117647058825,
                0.2627450980392157,
                0.3254901960784314,
                0.33999999999999997
            ],
            [
                0.15294117647058825,
                0.2627450980392157,
                0.3254901960784314,
                0.2533333333333333
            ],
            [
                0.15294117647058825,
                0.2627450980392157,
                0.3254901960784314,
                0.18666666666666665
            ],
            [
                0.15294117647058825,
                0.2627450980392157,
                0.3254901960784314,
                0.12
            ],
            [
                0.15294117647058825,
                0.2627450980392157,
                0.3254901960784314,
                0.033333333333333326
            ],
            [
                0.15294117647058825,
                0.2627450980392157,
                0.3254901960784314,
                0.020000000000000018
            ]
        ],
        "layer": 3,
        "lerp_scale": false,
        "loop": false,
        "point_filtering": true,
        "rot_speed": [
            0.0,
            0.0,
            0.0
        ],
        "scale": [
            1.04,
            1.0,
            1.04
        ],
        "shuffle": false,
        "sub_layer": 1,
        "tex_repeat_num": [
            2,
            1
        ],
        "texture": "textures/sfxs/2025s1/cs_s2comet_zhuchengruchang_anql03"
    }
}