{
    "frameeffect": {
        "blend_mode": 1,
        "cylinder_enable": true,
        "cylinder_frac_num": 24,
        "cylinder_height": 4.0,
        "cylinder_radius_down": 6.8,
        "cylinder_radius_up": 3.5,
        "delay": 2.31,
        "delay_in_loop": false,
        "depth_test": true,
        "face_camera": false,
        "fade_distance": 0.0,
        "first_person_enable": false,
        "fps": 11,
        "frame_color": [
            [
                1,
                1,
                1,
                1.0
            ],
            [
                1,
                1,
                1,
                1.0
            ],
            [
                1,
                1,
                1,
                0.9933333333333333
            ],
            [
                1,
                1,
                1,
                1.0
            ],
            [
                1,
                1,
                1,
                1.0
            ],
            [
                1,
                1,
                1,
                1.0
            ],
            [
                1,
                1,
                1,
                1.0
            ],
            [
                1,
                1,
                1,
                1.0
            ],
            [
                1,
                1,
                1,
                1.0
            ],
            [
                1,
                1,
                1,
                0.92
            ],
            [
                1,
                1,
                1,
                0.8066666666666666
            ],
            [
                1,
                1,
                1,
                0.6533333333333333
            ],
            [
                1,
                1,
                1,
                0.3933333333333333
            ],
            [
                1,
                1,
                1,
                0.23333333333333328
            ],
            [
                1,
                1,
                1,
                0.1466666666666666
            ],
            [
                1,
                1,
                1,
                0.00666666666666671
            ],
            [
                1,
                1,
                1,
                0.0
            ]
        ],
        "layer": 3,
        "lerp_scale": false,
        "loop": false,
        "point_filtering": true,
        "rot_speed": [
            0.0,
            0.0,
            0.0
        ],
        "scale": [
            1.05,
            1.0,
            1.05
        ],
        "shuffle": false,
        "sub_layer": 3,
        "tex_repeat_num": [
            2,
            1
        ],
        "texture": "textures/sfxs/2025s1/cs_s2comet_zhuchengruchang_xql03"
    }
}