{
    "frameeffect": {
        "blend_mode": 2,
        "cylinder_enable": false,
        "delay": 0.0,
        "delay_in_loop": false,
        "depth_test": true,
        "face_camera": true,
        "fade_distance": 0.0,
        "first_person_enable": false,
        "fps": 14,
        "frame_color": [
            [
                1.0,
                1.0,
                1.0,
                0.36
            ],
            [
                1.0,
                1.0,
                1.0,
                0.7
            ],
            [
                1.0,
                1.0,
                1.0,
                0.8866666666666667
            ],
            [
                1.0,
                1.0,
                1.0,
                0.9266666666666666
            ],
            [
                1.0,
                1.0,
                1.0,
                0.92
            ],
            [
                1.0,
                1.0,
                1.0,
                0.8866666666666667
            ],
            [
                1.0,
                1.0,
                1.0,
                0.8
            ],
            [
                1.0,
                1.0,
                1.0,
                0.6066666666666667
            ],
            [
                1.0,
                1.0,
                1.0,
                0.36
            ]
        ],
        "layer": 1,
        "lerp_scale": true,
        "loop": true,
        "point_filtering": true,
        "rot_speed": [
            0,
            0,
            0
        ],
        "scale": [
            0.22,
            0.22,
            1.0
        ],
        "shuffle": false,
        "sub_layer": 1,
        "tex_repeat_num": [
            1,
            1
        ],
        "texture": "textures/sfxs/2025s1/cs_s3xd_weapon_xuli_glow01"
    }
}