{
    "frameeffect": {
        "blend_mode": 1,
        "cylinder_enable": true,
        "cylinder_frac_num": 8,
        "cylinder_height": 0.5,
        "cylinder_radius_down": 0.7,
        "cylinder_radius_up": 0.7,
        "delay": 0.27,
        "delay_in_loop": false,
        "depth_test": true,
        "face_camera": false,
        "fade_distance": 0.0,
        "first_person_enable": false,
        "fps": 14,
        "frame_color": [
            [
                1,
                1,
                1,
                0.0
            ],
            [
                1,
                1,
                1,
                0.31333333333333335
            ],
            [
                1,
                1,
                1,
                0.5133333333333333
            ],
            [
                1,
                1,
                1,
                0.7666666666666666
            ],
            [
                1,
                1,
                1,
                0.9266666666666666
            ],
            [
                1,
                1,
                1,
                1
            ],
            [
                1,
                1,
                1,
                1
            ],
            [
                1,
                1,
                1,
                1
            ],
            [
                1,
                1,
                1,
                1
            ],
            [
                1,
                1,
                1,
                1
            ],
            [
                1,
                1,
                1,
                1.0
            ],
            [
                1,
                1,
                1,
                1.0
            ],
            [
                1,
                1,
                1,
                0.9733333333333334
            ],
            [
                1,
                1,
                1,
                0.8666666666666667
            ],
            [
                1,
                1,
                1,
                0.7266666666666667
            ],
            [
                1,
                1,
                1,
                0.4933333333333333
            ],
            [
                1,
                1,
                1,
                0.0
            ]
        ],
        "layer": 5,
        "lerp_scale": true,
        "loop": false,
        "point_filtering": true,
        "rot_speed": [
            0,
            0,
            0
        ],
        "scale": [
            1.0,
            -1.2,
            1.0
        ],
        "shuffle": false,
        "sub_layer": 1,
        "tex_repeat_num": [
            2,
            1
        ],
        "texture": "textures/sfxs/2025s1/sh_s3guofeng_victitory_shan01"
    }
}