{
    "frameeffect": {
        "blend_mode": 1,
        "cylinder_enable": false,
        "delay": 0.0,
        "delay_in_loop": false,
        "depth_test": true,
        "face_camera": false,
        "fade_distance": 0.0,
        "first_person_enable": false,
        "fps": 12,
        "frame_color": [
            [
                1,
                1,
                1,
                0.74
            ],
            [
                1,
                1,
                1,
                0.76
            ],
            [
                1,
                1,
                1,
                0.7933333333333333
            ],
            [
                1,
                1,
                1,
                0.7866666666666666
            ],
            [
                1,
                1,
                1,
                0.7666666666666666
            ],
            [
                1,
                1,
                1,
                0.8
            ],
            [
                1,
                1,
                1,
                0.8066666666666666
            ],
            [
                1,
                1,
                1,
                0.7866666666666666
            ],
            [
                1,
                1,
                1,
                0.76
            ],
            [
                1,
                1,
                1,
                0.7266666666666667
            ],
            [
                1,
                1,
                1,
                0.7666666666666666
            ],
            [
                1,
                1,
                1,
                0.76
            ],
            [
                1,
                1,
                1,
                0.7533333333333333
            ],
            [
                1,
                1,
                1,
                0.7466666666666666
            ],
            [
                1,
                1,
                1,
                0.74
            ],
            [
                1,
                1,
                1,
                0.7333333333333334
            ],
            [
                1,
                1,
                1,
                0.74
            ]
        ],
        "layer": 1,
        "lerp_scale": true,
        "loop": true,
        "point_filtering": true,
        "rot_speed": [
            0,
            0,
            0
        ],
        "scale": [
            1.0,
            1.0,
            1.0
        ],
        "shuffle": false,
        "sub_layer": 0,
        "tex_repeat_num": [
            1,
            1
        ],
        "texture": "textures/sfxs/2025s1/sh_s3guofeng_skinA_head_halo"
    }
}