{
    "frameeffect": {
        "blend_mode": 2,
        "cylinder_enable": false,
        "delay": 0.0,
        "delay_in_loop": false,
        "depth_test": true,
        "face_camera": false,
        "fade_distance": 0.0,
        "first_person_enable": false,
        "fps": 12,
        "frame_color": [
            [
                1,
                1,
                1,
                0.64
            ],
            [
                1,
                1,
                1,
                0.7666666666666666
            ],
            [
                1,
                1,
                1,
                0.8333333333333334
            ],
            [
                1,
                1,
                1,
                0.8933333333333333
            ],
            [
                1,
                1,
                1,
                0.96
            ],
            [
                1,
                1,
                1,
                1.0
            ],
            [
                1,
                1,
                1,
                0.8933333333333333
            ],
            [
                1,
                1,
                1,
                0.7866666666666666
            ],
            [
                1,
                1,
                1,
                0.7133333333333334
            ],
            [
                1,
                1,
                1,
                0.64
            ]
        ],
        "layer": 1,
        "lerp_scale": true,
        "loop": true,
        "point_filtering": true,
        "rot_speed": [
            0,
            0,
            0
        ],
        "scale": [
            0.25,
            0.23,
            1.0
        ],
        "shuffle": false,
        "sub_layer": 0,
        "tex_repeat_num": [
            1,
            1
        ],
        "texture": "textures/sfxs/2025s1/ss_s4cp_skinA_shou01"
    }
}