{
    "frameeffect": {
        "blend_mode": 2,
        "cylinder_enable": false,
        "delay": 0.0,
        "delay_in_loop": false,
        "depth_test": true,
        "face_camera": true,
        "fade_distance": 0.0,
        "first_person_enable": false,
        "fps": 13,
        "frame_color": [
            [
                0.0,
                0.5333333333333333,
                1.0,
                0.5466666666666666
            ],
            [
                0.0,
                0.5333333333333333,
                1.0,
                0.8533333333333333
            ],
            [
                0.0,
                0.5333333333333333,
                1.0,
                0.7466666666666666
            ],
            [
                0.0,
                0.5333333333333333,
                1.0,
                0.92
            ],
            [
                0.0,
                0.5333333333333333,
                1.0,
                1.0
            ],
            [
                0.0,
                0.5333333333333333,
                1.0,
                0.9666666666666667
            ],
            [
                0.0,
                0.5333333333333333,
                1.0,
                0.8866666666666667
            ],
            [
                0.0,
                0.5333333333333333,
                1.0,
                0.6599999999999999
            ],
            [
                0.0,
                0.5333333333333333,
                1.0,
                0.5466666666666666
            ]
        ],
        "layer": 1,
        "lerp_scale": true,
        "loop": true,
        "point_filtering": false,
        "rot_speed": [
            0,
            0,
            0
        ],
        "scale": [
            0.2,
            0.2,
            1.0
        ],
        "shuffle": false,
        "sub_layer": 0,
        "tex_repeat_num": [
            1,
            1
        ],
        "texture": "textures/sfxs/2025s1/ss_s3guofeng_weaponD_glow01"
    }
}