{
    "frameeffect": {
        "blend_mode": 2,
        "cylinder_enable": false,
        "delay": 1.6,
        "delay_in_loop": true,
        "depth_test": true,
        "face_camera": false,
        "fade_distance": 0.0,
        "first_person_enable": false,
        "fps": 16,
        "frame_color": [
            [
                1,
                1,
                1,
                0.62
            ],
            [
                1,
                1,
                1,
                0.6266666666666667
            ],
            [
                1,
                1,
                1,
                0.6266666666666667
            ],
            [
                1,
                1,
                1,
                0.6266666666666667
            ],
            [
                1,
                1,
                1,
                0.6266666666666667
            ],
            [
                1,
                1,
                1,
                0.6266666666666667
            ],
            [
                1,
                1,
                1,
                0.6266666666666667
            ],
            [
                1,
                1,
                1,
                0.6266666666666667
            ],
            [
                1,
                1,
                1,
                0.6333333333333333
            ],
            [
                1,
                1,
                1,
                0.6333333333333333
            ],
            [
                1,
                1,
                1,
                0.6266666666666667
            ],
            [
                1,
                1,
                1,
                0.6266666666666667
            ],
            [
                1,
                1,
                1,
                0.6266666666666667
            ],
            [
                1,
                1,
                1,
                0.62
            ],
            [
                1,
                1,
                1,
                0.62
            ],
            [
                1,
                1,
                1,
                0.62
            ],
            [
                1,
                1,
                1,
                0.62
            ]
        ],
        "layer": 1,
        "lerp_scale": true,
        "loop": true,
        "point_filtering": true,
        "rot_speed": [
            0,
            0,
            0
        ],
        "scale": [
            0.6,
            0.6,
            0.6
        ],
        "shuffle": false,
        "sub_layer": 0,
        "tex_repeat_num": [
            1,
            1
        ],
        "texture": "textures/sfxs/2025s1/ss_s3kjys_horseA_chd"
    }
}