{
    "frameeffect": {
        "blend_mode": 1,
        "cylinder_enable": false,
        "delay": 0.0,
        "delay_in_loop": false,
        "depth_test": true,
        "face_camera": false,
        "fade_distance": 0.0,
        "first_person_enable": false,
        "fps": 30,
        "frame_color": [
            [
                1.0,
                0.4745098039215686,
                0.3803921568627451,
                0.8266666666666667
            ],
            [
                1.0,
                0.4745098039215686,
                0.3803921568627451,
                0.8333333333333334
            ],
            [
                1.0,
                0.4745098039215686,
                0.3803921568627451,
                0.8200000000000001
            ],
            [
                1.0,
                0.4745098039215686,
                0.3803921568627451,
                0.8266666666666667
            ],
            [
                1.0,
                0.4745098039215686,
                0.3803921568627451,
                0.8200000000000001
            ],
            [
                1.0,
                0.4745098039215686,
                0.3803921568627451,
                0.8200000000000001
            ],
            [
                1.0,
                0.4745098039215686,
                0.3803921568627451,
                0.7933333333333333
            ],
            [
                1.0,
                0.4745098039215686,
                0.3803921568627451,
                0.8266666666666667
            ],
            [
                1.0,
                0.4745098039215686,
                0.3803921568627451,
                0.8066666666666666
            ],
            [
                1.0,
                0.4745098039215686,
                0.3803921568627451,
                0.8066666666666666
            ],
            [
                1.0,
                0.4745098039215686,
                0.3803921568627451,
                0.7866666666666666
            ],
            [
                1.0,
                0.4745098039215686,
                0.3803921568627451,
                0.8200000000000001
            ],
            [
                1.0,
                0.4745098039215686,
                0.3803921568627451,
                0.8200000000000001
            ],
            [
                1.0,
                0.4745098039215686,
                0.3803921568627451,
                0.8200000000000001
            ],
            [
                1.0,
                0.4745098039215686,
                0.3803921568627451,
                0.8066666666666666
            ],
            [
                1.0,
                0.4745098039215686,
                0.3803921568627451,
                0.8
            ],
            [
                1.0,
                0.4745098039215686,
                0.3803921568627451,
                0.8266666666666667
            ]
        ],
        "layer": 1,
        "lerp_scale": true,
        "loop": true,
        "point_filtering": false,
        "rot_speed": [
            0,
            0,
            0
        ],
        "scale": [
            0.59,
            0.59,
            1.0
        ],
        "shuffle": false,
        "sub_layer": 0,
        "tex_repeat_num": [
            1,
            1
        ],
        "texture": "textures/sfxs/2025s1/ss_s3bp_weapon_gyun_01"
    }
}