{
    "frameeffect": {
        "blend_mode": 2,
        "cylinder_enable": false,
        "delay": 0.1,
        "delay_in_loop": true,
        "depth_test": true,
        "face_camera": false,
        "fade_distance": 0.0,
        "first_person_enable": false,
        "fps": 30,
        "frame_color": [
            [
                1.0,
                1.0,
                1.0,
                0.8533333333333333
            ],
            [
                1.0,
                1.0,
                1.0,
                0.8533333333333333
            ],
            [
                1.0,
                1.0,
                1.0,
                0.8666666666666667
            ],
            [
                1.0,
                1.0,
                1.0,
                0.8866666666666667
            ],
            [
                1.0,
                1.0,
                1.0,
                0.88
            ],
            [
                1.0,
                1.0,
                1.0,
                0.86
            ],
            [
                1.0,
                1.0,
                1.0,
                0.8466666666666667
            ],
            [
                1.0,
                1.0,
                1.0,
                0.84
            ],
            [
                1.0,
                1.0,
                1.0,
                0.8533333333333333
            ],
            [
                1.0,
                1.0,
                1.0,
                0.8466666666666667
            ],
            [
                1.0,
                1.0,
                1.0,
                0.8666666666666667
            ],
            [
                1.0,
                1.0,
                1.0,
                0.8466666666666667
            ],
            [
                1.0,
                1.0,
                1.0,
                0.86
            ],
            [
                1.0,
                1.0,
                1.0,
                0.8533333333333333
            ],
            [
                1.0,
                1.0,
                1.0,
                0.8466666666666667
            ],
            [
                1.0,
                1.0,
                1.0,
                0.84
            ],
            [
                1.0,
                1.0,
                1.0,
                0.8533333333333333
            ]
        ],
        "layer": 1,
        "lerp_scale": true,
        "loop": true,
        "point_filtering": true,
        "rot_speed": [
            0,
            0,
            0
        ],
        "scale": [
            1.0,
            1.0,
            1.0
        ],
        "shuffle": false,
        "sub_layer": 0,
        "tex_repeat_num": [
            1,
            1
        ],
        "texture": "textures/sfxs/2025s1/ss_s3bp_weapon_qd01"
    }
}