{
    "frameeffect": {
        "layer": 1,
        "scale": [
            0.15,
            0.15,
            1.0
        ],
        "shuffle": false,
        "fps": 12,
        "cylinder_enable": false,
        "fade_distance": 2.0,
        "depth_test": true,
        "delay_in_loop": false,
        "texture": "textures/sfxs/pet_dino/ss_dino_s2glitch_cp4",
        "delay": 0.0,
        "sub_layer": 0,
        "lerp_scale": true,
        "tex_repeat_num": [
            1,
            1
        ],
        "point_filtering": false,
        "first_person_enable": false,
        "face_camera": false,
        "rot_speed": [
            0,
            0,
            0
        ],
        "frame_color": [
            [
                1.0,
                1.0,
                1.0,
                0.5666666666666667
            ],
            [
                1.0,
                1.0,
                1.0,
                0.6
            ],
            [
                1.0,
                1.0,
                1.0,
                0.5933333333333333
            ],
            [
                1.0,
                1.0,
                1.0,
                0.62
            ],
            [
                1.0,
                1.0,
                1.0,
                0.5933333333333333
            ],
            [
                1.0,
                1.0,
                1.0,
                0.6133333333333333
            ],
            [
                1.0,
                1.0,
                1.0,
                0.5933333333333333
            ],
            [
                1.0,
                1.0,
                1.0,
                0.6466666666666667
            ],
            [
                1.0,
                1.0,
                1.0,
                0.6266666666666667
            ],
            [
                1.0,
                1.0,
                1.0,
                0.6866666666666666
            ],
            [
                1.0,
                1.0,
                1.0,
                0.6333333333333333
            ],
            [
                1.0,
                1.0,
                1.0,
                0.6933333333333334
            ],
            [
                1.0,
                1.0,
                1.0,
                0.7
            ],
            [
                1.0,
                1.0,
                1.0,
                0.6599999999999999
            ],
            [
                1.0,
                1.0,
                1.0,
                0.6866666666666666
            ],
            [
                1.0,
                1.0,
                1.0,
                0.62
            ],
            [
                1.0,
                1.0,
                1.0,
                0.5666666666666667
            ]
        ],
        "loop": true,
        "blend_mode": 2
    }
}