{
    "frameeffect": {
        "layer": 1,
        "scale": [
            0.24,
            0.24,
            0.2
        ],
        "shuffle": false,
        "fps": 16,
        "cylinder_enable": false,
        "fade_distance": 0.0,
        "depth_test": true,
        "delay_in_loop": false,
        "texture": "textures/sfxs/pet_dino/xy_dino_moon_zuo1",
        "delay": 0.0,
        "sub_layer": 0,
        "lerp_scale": true,
        "tex_repeat_num": [
            1,
            1
        ],
        "point_filtering": true,
        "first_person_enable": false,
        "face_camera": false,
        "rot_speed": [
            0,
            0,
            0
        ],
        "frame_color": [
            [
                1,
                1,
                1,
                0.7133333333333334
            ],
            [
                1,
                1,
                1,
                0.78
            ],
            [
                1,
                1,
                1,
                0.7733333333333333
            ],
            [
                1,
                1,
                1,
                0.7733333333333333
            ],
            [
                1,
                1,
                1,
                0.7066666666666667
            ],
            [
                1,
                1,
                1,
                0.6533333333333333
            ],
            [
                1,
                1,
                1,
                0.6333333333333333
            ],
            [
                1,
                1,
                1,
                0.6733333333333333
            ],
            [
                1,
                1,
                1,
                0.64
            ],
            [
                1,
                1,
                1,
                0.6866666666666666
            ],
            [
                1,
                1,
                1,
                0.7133333333333334
            ],
            [
                1,
                1,
                1,
                0.74
            ],
            [
                1,
                1,
                1,
                0.6799999999999999
            ],
            [
                1,
                1,
                1,
                0.7133333333333334
            ],
            [
                1,
                1,
                1,
                0.7333333333333334
            ],
            [
                1,
                1,
                1,
                0.7333333333333334
            ],
            [
                1,
                1,
                1,
                0.7133333333333334
            ]
        ],
        "loop": true,
        "blend_mode": 2
    }
}