{
    "frameeffect": {
        "layer": 1,
        "scale": [
            0.23,
            0.23,
            0.23
        ],
        "shuffle": false,
        "fps": 16,
        "cylinder_enable": false,
        "fade_distance": 0.0,
        "depth_test": true,
        "delay_in_loop": false,
        "texture": "textures/sfxs/pet_dino/xy_dino_moon_zuo1",
        "delay": 0.0,
        "sub_layer": 0,
        "lerp_scale": true,
        "tex_repeat_num": [
            1,
            1
        ],
        "point_filtering": true,
        "first_person_enable": false,
        "face_camera": false,
        "rot_speed": [
            0,
            0,
            0
        ],
        "frame_color": [
            [
                1,
                1,
                1,
                0.6799999999999999
            ],
            [
                1,
                1,
                1,
                0.6733333333333333
            ],
            [
                1,
                1,
                1,
                0.6799999999999999
            ],
            [
                1,
                1,
                1,
                0.8
            ],
            [
                1,
                1,
                1,
                0.88
            ],
            [
                1,
                1,
                1,
                0.8933333333333333
            ],
            [
                1,
                1,
                1,
                0.8533333333333333
            ],
            [
                1,
                1,
                1,
                0.9533333333333334
            ],
            [
                1,
                1,
                1,
                0.9133333333333333
            ],
            [
                1,
                1,
                1,
                0.9333333333333333
            ],
            [
                1,
                1,
                1,
                0.8200000000000001
            ],
            [
                1,
                1,
                1,
                0.8666666666666667
            ],
            [
                1,
                1,
                1,
                0.8266666666666667
            ],
            [
                1,
                1,
                1,
                0.8066666666666666
            ],
            [
                1,
                1,
                1,
                0.8066666666666666
            ],
            [
                1,
                1,
                1,
                0.6733333333333333
            ],
            [
                1,
                1,
                1,
                0.6799999999999999
            ]
        ],
        "loop": true,
        "blend_mode": 2
    }
}