{
    "frameeffect": {
        "layer": 1,
        "scale": [
            0.11,
            0.2,
            0.15
        ],
        "shuffle": false,
        "fps": 8,
        "cylinder_enable": false,
        "fade_distance": 0.0,
        "depth_test": true,
        "delay_in_loop": false,
        "texture": "textures/sfxs/pet_dino/xy_dino_moon_ce02",
        "delay": 0.0,
        "sub_layer": 0,
        "lerp_scale": true,
        "tex_repeat_num": [
            1,
            1
        ],
        "point_filtering": true,
        "first_person_enable": false,
        "face_camera": false,
        "rot_speed": [
            0,
            0,
            0
        ],
        "frame_color": [
            [
                1,
                1,
                1,
                0.2466666666666667
            ],
            [
                1,
                1,
                1,
                0.30666666666666664
            ],
            [
                1,
                1,
                1,
                0.31999999999999995
            ],
            [
                1,
                1,
                1,
                0.36
            ],
            [
                1,
                1,
                1,
                0.3666666666666667
            ],
            [
                1,
                1,
                1,
                0.3733333333333333
            ],
            [
                1,
                1,
                1,
                0.38
            ],
            [
                1,
                1,
                1,
                0.42000000000000004
            ],
            [
                1,
                1,
                1,
                0.41333333333333333
            ],
            [
                1,
                1,
                1,
                0.4
            ],
            [
                1,
                1,
                1,
                0.3933333333333333
            ],
            [
                1,
                1,
                1,
                0.3666666666666667
            ],
            [
                1,
                1,
                1,
                0.38
            ],
            [
                1,
                1,
                1,
                0.32666666666666666
            ],
            [
                1,
                1,
                1,
                0.30666666666666664
            ],
            [
                1,
                1,
                1,
                0.30666666666666664
            ],
            [
                1,
                1,
                1,
                0.2466666666666667
            ]
        ],
        "loop": true,
        "blend_mode": 2
    }
}