{
    "frameeffect": {
        "layer": 1,
        "scale": [
            0.15,
            0.15,
            0.15
        ],
        "shuffle": false,
        "fps": 8,
        "cylinder_enable": false,
        "fade_distance": 0.0,
        "depth_test": true,
        "delay_in_loop": false,
        "texture": "textures/sfxs/pet_dino/xy_dino_moon_ce02",
        "delay": 0.0,
        "sub_layer": 0,
        "lerp_scale": true,
        "tex_repeat_num": [
            1,
            1
        ],
        "point_filtering": true,
        "first_person_enable": false,
        "face_camera": false,
        "rot_speed": [
            0,
            0,
            0
        ],
        "frame_color": [
            [
                1,
                1,
                1,
                0.45333333333333337
            ],
            [
                1,
                1,
                1,
                0.5666666666666667
            ],
            [
                1,
                1,
                1,
                0.6066666666666667
            ],
            [
                1,
                1,
                1,
                0.6933333333333334
            ],
            [
                1,
                1,
                1,
                0.7933333333333333
            ],
            [
                1,
                1,
                1,
                0.8200000000000001
            ],
            [
                1,
                1,
                1,
                0.84
            ],
            [
                1,
                1,
                1,
                0.86
            ],
            [
                1,
                1,
                1,
                0.8533333333333333
            ],
            [
                1,
                1,
                1,
                0.8733333333333333
            ],
            [
                1,
                1,
                1,
                0.8133333333333334
            ],
            [
                1,
                1,
                1,
                0.8066666666666666
            ],
            [
                1,
                1,
                1,
                0.7333333333333334
            ],
            [
                1,
                1,
                1,
                0.72
            ],
            [
                1,
                1,
                1,
                0.6466666666666667
            ],
            [
                1,
                1,
                1,
                0.5866666666666667
            ],
            [
                1,
                1,
                1,
                0.45333333333333337
            ]
        ],
        "loop": true,
        "blend_mode": 2
    }
}