{
    "frameeffect": {
        "layer": 1,
        "scale": [
            0.2,
            0.2,
            1.0
        ],
        "shuffle": false,
        "fps": 10,
        "cylinder_enable": false,
        "fade_distance": 0.0,
        "depth_test": true,
        "delay_in_loop": false,
        "texture": "textures/sfxs/pet_cat/cs_cat_s2blackhole_edhd",
        "delay": 0.0,
        "sub_layer": 0,
        "lerp_scale": true,
        "tex_repeat_num": [
            1,
            1
        ],
        "point_filtering": true,
        "first_person_enable": false,
        "face_camera": false,
        "rot_speed": [
            0,
            0,
            0
        ],
        "frame_color": [
            [
                1,
                1,
                1,
                0.7133333333333334
            ],
            [
                1,
                1,
                1,
                0.7066666666666667
            ],
            [
                1,
                1,
                1,
                0.72
            ],
            [
                1,
                1,
                1,
                0.8200000000000001
            ],
            [
                1,
                1,
                1,
                0.88
            ],
            [
                1,
                1,
                1,
                0.96
            ],
            [
                1,
                1,
                1,
                1.0
            ],
            [
                1,
                1,
                1,
                1.0
            ],
            [
                1,
                1,
                1,
                1.0
            ],
            [
                1,
                1,
                1,
                1.0
            ],
            [
                1,
                1,
                1,
                0.9733333333333334
            ],
            [
                1,
                1,
                1,
                0.9066666666666666
            ],
            [
                1,
                1,
                1,
                0.8266666666666667
            ],
            [
                1,
                1,
                1,
                0.74
            ],
            [
                1,
                1,
                1,
                0.72
            ],
            [
                1,
                1,
                1,
                0.7133333333333334
            ],
            [
                1,
                1,
                1,
                0.7133333333333334
            ]
        ],
        "loop": true,
        "blend_mode": 1
    }
}