{
    "frameeffect": {
        "layer": 1,
        "scale": [
            0.9,
            0.9,
            0.9
        ],
        "shuffle": false,
        "fps": 8,
        "cylinder_enable": false,
        "fade_distance": 0.0,
        "depth_test": true,
        "delay_in_loop": false,
        "texture": "textures/sfxs/pet_cat/xy_cat_lion_g03",
        "delay": 0.0,
        "sub_layer": 0,
        "lerp_scale": true,
        "tex_repeat_num": [
            1,
            1
        ],
        "point_filtering": false,
        "first_person_enable": false,
        "face_camera": false,
        "rot_speed": [
            0,
            0,
            0
        ],
        "frame_color": [
            [
                1,
                1,
                1,
                0.5333333333333333
            ],
            [
                1,
                1,
                1,
                0.5133333333333333
            ],
            [
                1,
                1,
                1,
                0.5333333333333333
            ],
            [
                1,
                1,
                1,
                0.52
            ],
            [
                1,
                1,
                1,
                0.5266666666666666
            ],
            [
                1,
                1,
                1,
                0.5
            ],
            [
                1,
                1,
                1,
                0.5266666666666666
            ],
            [
                1,
                1,
                1,
                0.5266666666666666
            ],
            [
                1,
                1,
                1,
                0.5266666666666666
            ],
            [
                1,
                1,
                1,
                0.5466666666666666
            ],
            [
                1,
                1,
                1,
                0.54
            ],
            [
                1,
                1,
                1,
                0.5466666666666666
            ],
            [
                1,
                1,
                1,
                0.56
            ],
            [
                1,
                1,
                1,
                0.5733333333333333
            ],
            [
                1,
                1,
                1,
                0.5733333333333333
            ],
            [
                1,
                1,
                1,
                0.5533333333333333
            ],
            [
                1,
                1,
                1,
                0.5333333333333333
            ]
        ],
        "loop": true,
        "blend_mode": 2
    }
}