{
    "format_version": "1.8.0",
    "animations": {
        "animation.player.first_person.attack_rotation_ntes": {
            "loop": true,
            "bones": {
                "rightarm": {
                    "position": {
                        "0.05": [
                            -2.5e-05,
                            1.638787,
                            0.0024
                        ],
                        "0.10": [
                            -0.013802,
                            4.860767,
                            0.05595
                        ],
                        "0.15": [
                            -0.137458,
                            6.189428,
                            0.176532
                        ],
                        "0.20": [
                            -0.55706,
                            6.179656,
                            0.355137
                        ],
                        "0.25": [
                            -1.470755,
                            5.456368,
                            0.576167
                        ],
                        "0.30": [
                            -2.978526,
                            4.394526,
                            0.817707
                        ],
                        "0.35": [
                            -3.972956,
                            3.130914,
                            1.054411
                        ],
                        "0.40": [
                            -4.783403,
                            1.678118,
                            1.262751
                        ],
                        "0.45": [
                            -5.686417,
                            -0.7957,
                            1.487411
                        ],
                        "0.50": [
                            -6.180851,
                            -3.295677,
                            1.604034
                        ],
                        "0.55": [
                            -6.337622,
                            -5.312611,
                            1.639258
                        ],
                        "0.60": [
                            -6.147327,
                            -6.287505,
                            1.596363
                        ],
                        "0.65": [
                            -5.363648,
                            -5.711315,
                            1.408377
                        ],
                        "0.70": [
                            -3.651778,
                            -3.627808,
                            0.970756
                        ]
                    },
                    "rotation": {
                        "0.05": [
                            -12.815737,
                            8.543824,
                            4.271912
                        ],
                        "0.10": [
                            -47.807648,
                            31.871765,
                            15.935883
                        ],
                        "0.15": [
                            -59.455696,
                            39.637131,
                            19.818565
                        ],
                        "0.20": [
                            -58.865536,
                            39.24369,
                            19.621845
                        ],
                        "0.25": [
                            -56.22533,
                            37.483555,
                            18.741777
                        ],
                        "0.30": [
                            -55.852081,
                            37.234722,
                            18.617361
                        ],
                        "0.35": [
                            -57.747684,
                            38.498455,
                            19.249228
                        ],
                        "0.40": [
                            -59.760338,
                            39.840225,
                            19.920113
                        ],
                        "0.45": [
                            -57.68372,
                            38.455814,
                            19.227907
                        ],
                        "0.50": [
                            -47.106224,
                            31.40415,
                            15.702075
                        ],
                        "0.55": [
                            -31.408981,
                            20.939322,
                            10.469661
                        ],
                        "0.60": [
                            -16.020863,
                            10.680575,
                            5.340288
                        ],
                        "0.65": [
                            -5.455122,
                            3.636748,
                            1.818374
                        ],
                        "0.70": [
                            -0.936312,
                            0.624208,
                            0.312104
                        ]
                    }
                }
            }
        },
        "animation.player.third_person.attack_rotation_ntes": {
            "loop": true,
            "animation_length": 0.36,
            "bones": {
                "leftArm": {
                    "rotation": {
                        "0.0": [
                            0,
                            0,
                            0
                        ],
                        "0.0833": [
                            -7,
                            0,
                            -1
                        ],
                        "0.2": [
                            -10,
                            -5,
                            -2
                        ],
                        "0.2833": [
                            -5,
                            -5,
                            -1
                        ],
                        "0.3667": [
                            0,
                            0,
                            0
                        ]
                    }
                },
                "leftSleeve": {
                    "rotation": [
                        0,
                        0,
                        0
                    ]
                },
                "rightArm": {
                    "rotation": {
                        "0.0": [
                            0,
                            0,
                            0
                        ],
                        "0.0833": [
                            -15,
                            -10,
                            65
                        ],
                        "0.2": [
                            -30,
                            -10,
                            5
                        ],
                        "0.2333": [
                            -25,
                            -15,
                            2
                        ],
                        "0.2833": [
                            -13,
                            -20,
                            5
                        ],
                        "0.3167": [
                            -6.5,
                            -19,
                            5
                        ],
                        "0.3667": [
                            0,
                            0,
                            5
                        ]
                    }
                },
                "jacket": {
                    "rotation": {
                        "0.0": [
                            0,
                            0,
                            0
                        ],