{
    "frameeffect": {
        "layer": 1,
        "shuffle": false,
        "cylinder_height": 0.5,
        "fade_distance": 0.0,
        "lerp_scale": true,
        "point_filtering": true,
        "delay_in_loop": false,
        "blend_mode": 2,
        "cylinder_radius_down": 0.25,
        "scale": [
            1.0,
            0.4,
            1.0
        ],
        "frame_color": [
            [
                1,
                1,
                1,
                0.0
            ],
            [
                1,
                1,
                1,
                0.0
            ],
            [
                1,
                1,
                1,
                0.21333333333333337
            ],
            [
                1,
                1,
                1,
                0.5466666666666666
            ],
            [
                1,
                1,
                1,
                0.8666666666666667
            ],
            [
                1,
                1,
                1,
                1.0
            ],
            [
                1,
                1,
                1,
                1
            ],
            [
                1,
                1,
                1,
                1
            ],
            [
                1,
                1,
                1,
                1.0
            ],
            [
                1,
                1,
                1,
                1.0
            ],
            [
                1,
                1,
                1,
                1.0
            ],
            [
                1,
                1,
                1,
                0.8866666666666667
            ],
            [
                1,
                1,
                1,
                0.6133333333333333
            ],
            [
                1,
                1,
                1,
                0.4
            ],
            [
                1,
                1,
                1,
                0.22666666666666668
            ],
            [
                1,
                1,
                1,
                0.1266666666666667
            ],
            [
                1,
                1,
                1,
                0.0
            ]
        ],
        "cylinder_frac_num": 16,
        "texture": "textures/sfxs/pet_mh_fox/cs_mhfox_s1wild_qilang3",
        "cylinder_radius_up": 0.25,
        "delay": 0.0,
        "sub_layer": 0,
        "fps": 11,
        "face_camera": false,
        "cylinder_enable": true,
        "tex_repeat_num": [
            1,
            1
        ],
        "first_person_enable": false,
        "depth_test": true,
        "rot_speed": [
            0,
            0,
            0
        ],
        "loop": true
    }
}