{
    "frameeffect": {
        "blend_mode": 2,
        "cylinder_enable": true,
        "cylinder_frac_num": 8,
        "cylinder_height": 0.3,
        "cylinder_radius_down": 0.05,
        "cylinder_radius_up": 0.3,
        "delay": 0.0,
        "delay_in_loop": false,
        "depth_test": true,
        "face_camera": false,
        "fade_distance": 0.0,
        "first_person_enable": false,
        "fps": 18,
        "frame_color": [
            [
                1,
                1,
                1,
                0.6533333333333333
            ],
            [
                1,
                1,
                1,
                0.6533333333333333
            ],
            [
                1,
                1,
                1,
                0.6533333333333333
            ],
            [
                1,
                1,
                1,
                0.6533333333333333
            ],
            [
                1,
                1,
                1,
                0.6466666666666667
            ],
            [
                1,
                1,
                1,
                0.6466666666666667
            ],
            [
                1,
                1,
                1,
                0.6466666666666667
            ],
            [
                1,
                1,
                1,
                0.6466666666666667
            ],
            [
                1,
                1,
                1,
                0.6466666666666667
            ],
            [
                1,
                1,
                1,
                0.6466666666666667
            ],
            [
                1,
                1,
                1,
                0.6466666666666667
            ],
            [
                1,
                1,
                1,
                0.6466666666666667
            ],
            [
                1,
                1,
                1,
                0.6466666666666667
            ],
            [
                1,
                1,
                1,
                0.6466666666666667
            ],
            [
                1,
                1,
                1,
                0.6466666666666667
            ],
            [
                1,
                1,
                1,
                0.6466666666666667
            ],
            [
                1,
                1,
                1,
                0.6533333333333333
            ]
        ],
        "layer": 1,
        "lerp_scale": true,
        "loop": true,
        "point_filtering": true,
        "rot_speed": [
            0.0,
            300.0,
            0.0
        ],
        "scale": [
            1.0,
            0.8,
            1.0
        ],
        "shuffle": false,
        "sub_layer": 0,
        "tex_repeat_num": [
            2,
            1
        ],
        "texture": "textures/sfxs/pet_spirit/cs_spirit_s5Feng_feng"
    }
}