{
    "frameeffect": {
        "layer": 1,
        "shuffle": false,
        "cylinder_height": 2.0,
        "fade_distance": 0.0,
        "lerp_scale": true,
        "delay_in_loop": false,
        "blend_mode": 2,
        "cylinder_radius_down": 1.5,
        "scale": [
            0.2,
            0.2,
            0.2
        ],
        "frame_color": [
            [
                1,
                1,
                1,
                0.4933333333333333
            ],
            [
                1,
                1,
                1,
                0.4933333333333333
            ],
            [
                1,
                1,
                1,
                0.4933333333333333
            ],
            [
                1,
                1,
                1,
                0.4933333333333333
            ],
            [
                1,
                1,
                1,
                0.4933333333333333
            ],
            [
                1,
                1,
                1,
                0.4933333333333333
            ],
            [
                1,
                1,
                1,
                0.4933333333333333
            ],
            [
                1,
                1,
                1,
                0.4933333333333333
            ],
            [
                1,
                1,
                1,
                0.4933333333333333
            ],
            [
                1,
                1,
                1,
                0.4933333333333333
            ],
            [
                1,
                1,
                1,
                0.4933333333333333
            ],
            [
                1,
                1,
                1,
                0.5
            ],
            [
                1,
                1,
                1,
                0.5
            ],
            [
                1,
                1,
                1,
                0.5066666666666666
            ],
            [
                1,
                1,
                1,
                0.5066666666666666
            ],
            [
                1,
                1,
                1,
                0.5
            ],
            [
                1,
                1,
                1,
                0.4933333333333333
            ]
        ],
        "cylinder_frac_num": 8,
        "texture": "textures/sfxs/pet_spirit/ss_spirit_sea_qilang",
        "cylinder_radius_up": 1.5,
        "delay": 0.0,
        "sub_layer": 0,
        "fps": 16,
        "face_camera": false,
        "cylinder_enable": true,
        "tex_repeat_num": [
            1,
            1
        ],
        "first_person_enable": false,
        "depth_test": true,
        "rot_speed": [
            0.0,
            0.0,
            0.0
        ],
        "loop": true
    }
}