{
    "frameeffect": {
        "layer": 1,
        "scale": [
            0.22,
            0.2,
            0.2
        ],
        "shuffle": false,
        "fps": 16,
        "cylinder_enable": false,
        "fade_distance": 0.0,
        "depth_test": true,
        "delay_in_loop": false,
        "texture": "textures/sfxs/pet_spirit/xy_squid_fire_lg01",
        "delay": 0.0,
        "sub_layer": 0,
        "lerp_scale": true,
        "tex_repeat_num": [
            1,
            1
        ],
        "point_filtering": false,
        "first_person_enable": false,
        "face_camera": false,
        "rot_speed": [
            0,
            0,
            0
        ],
        "frame_color": [
            [
                1,
                1,
                1,
                0.22666666666666668
            ],
            [
                1,
                1,
                1,
                0.21999999999999997
            ],
            [
                1,
                1,
                1,
                0.21999999999999997
            ],
            [
                1,
                1,
                1,
                0.22666666666666668
            ],
            [
                1,
                1,
                1,
                0.23333333333333328
            ],
            [
                1,
                1,
                1,
                0.2466666666666667
            ],
            [
                1,
                1,
                1,
                0.23333333333333328
            ],
            [
                1,
                1,
                1,
                0.2533333333333333
            ],
            [
                1,
                1,
                1,
                0.22666666666666668
            ],
            [
                1,
                1,
                1,
                0.23333333333333328
            ],
            [
                1,
                1,
                1,
                0.22666666666666668
            ],
            [
                1,
                1,
                1,
                0.2466666666666667
            ],
            [
                1,
                1,
                1,
                0.22666666666666668
            ],
            [
                1,
                1,
                1,
                0.24
            ],
            [
                1,
                1,
                1,
                0.21333333333333337
            ],
            [
                1,
                1,
                1,
                0.23333333333333328
            ],
            [
                1,
                1,
                1,
                0.22666666666666668
            ]
        ],
        "loop": true,
        "blend_mode": 2
    }
}