{
    "frameeffect": {
        "layer": 1,
        "scale": [
            0.22,
            0.23,
            0.23
        ],
        "shuffle": false,
        "fps": 16,
        "cylinder_enable": false,
        "fade_distance": 0.0,
        "depth_test": true,
        "delay_in_loop": false,
        "texture": "textures/sfxs/pet_spirit/xy_spirit_green_zuo",
        "delay": 0.0,
        "sub_layer": 0,
        "lerp_scale": true,
        "tex_repeat_num": [
            1,
            1
        ],
        "point_filtering": true,
        "first_person_enable": false,
        "face_camera": false,
        "rot_speed": [
            0,
            0,
            0
        ],
        "frame_color": [
            [
                1,
                1,
                1,
                0.5866666666666667
            ],
            [
                1,
                1,
                1,
                0.5800000000000001
            ],
            [
                1,
                1,
                1,
                0.5800000000000001
            ],
            [
                1,
                1,
                1,
                0.5866666666666667
            ],
            [
                1,
                1,
                1,
                0.5800000000000001
            ],
            [
                1,
                1,
                1,
                0.5866666666666667
            ],
            [
                1,
                1,
                1,
                0.5733333333333333
            ],
            [
                1,
                1,
                1,
                0.5800000000000001
            ],
            [
                1,
                1,
                1,
                0.5866666666666667
            ],
            [
                1,
                1,
                1,
                0.5866666666666667
            ],
            [
                1,
                1,
                1,
                0.5866666666666667
            ],
            [
                1,
                1,
                1,
                0.5733333333333333
            ],
            [
                1,
                1,
                1,
                0.5733333333333333
            ],
            [
                1,
                1,
                1,
                0.5800000000000001
            ],
            [
                1,
                1,
                1,
                0.5666666666666667
            ],
            [
                1,
                1,
                1,
                0.5733333333333333
            ],
            [
                1,
                1,
                1,
                0.5866666666666667
            ]
        ],
        "loop": true,
        "blend_mode": 2
    }
}