{
    "frameeffect": {
        "layer": 1,
        "scale": [
            0.19,
            0.18,
            0.19
        ],
        "shuffle": false,
        "fps": 20,
        "cylinder_enable": false,
        "fade_distance": 0.0,
        "depth_test": true,
        "delay_in_loop": false,
        "texture": "textures/sfxs/pet_spirit/xy_squid_fire_lg",
        "delay": 0.0,
        "sub_layer": 0,
        "lerp_scale": true,
        "tex_repeat_num": [
            1,
            1
        ],
        "point_filtering": false,
        "first_person_enable": false,
        "face_camera": false,
        "rot_speed": [
            0,
            0,
            0
        ],
        "frame_color": [
            [
                1,
                1,
                1,
                0.1333333333333333
            ],
            [
                1,
                1,
                1,
                0.1333333333333333
            ],
            [
                1,
                1,
                1,
                0.1333333333333333
            ],
            [
                1,
                1,
                1,
                0.15333333333333332
            ],
            [
                1,
                1,
                1,
                0.1333333333333333
            ],
            [
                1,
                1,
                1,
                0.15333333333333332
            ],
            [
                1,
                1,
                1,
                0.14
            ],
            [
                1,
                1,
                1,
                0.14
            ],
            [
                1,
                1,
                1,
                0.15333333333333332
            ],
            [
                1,
                1,
                1,
                0.15333333333333332
            ],
            [
                1,
                1,
                1,
                0.16666666666666663
            ],
            [
                1,
                1,
                1,
                0.16666666666666663
            ],
            [
                1,
                1,
                1,
                0.16666666666666663
            ],
            [
                1,
                1,
                1,
                0.15333333333333332
            ],
            [
                1,
                1,
                1,
                0.15333333333333332
            ],
            [
                1,
                1,
                1,
                0.1266666666666667
            ],
            [
                1,
                1,
                1,
                0.1333333333333333
            ]
        ],
        "loop": true,
        "blend_mode": 2
    }
}