{
    "frameeffect": {
        "layer": 1,
        "scale": [
            0.35,
            0.32,
            1.0
        ],
        "shuffle": false,
        "fps": 12,
        "cylinder_enable": false,
        "fade_distance": 3.0,
        "depth_test": true,
        "delay_in_loop": false,
        "texture": "textures/sfxs/pet_dragon/ss_dog_s1dark_gy01",
        "delay": 0.0,
        "sub_layer": 0,
        "lerp_scale": true,
        "tex_repeat_num": [
            1,
            1
        ],
        "point_filtering": false,
        "first_person_enable": false,
        "face_camera": false,
        "rot_speed": [
            0,
            0,
            0
        ],
        "frame_color": [
            [
                0.0,
                0.7137254901960784,
                0.7137254901960784,
                0.1266666666666667
            ],
            [
                0.09019607843137255,
                0.6470588235294118,
                0.6509803921568628,
                0.44666666666666666
            ],
            [
                0.0,
                0.7137254901960784,
                0.7137254901960784,
                0.6799999999999999
            ],
            [
                0.0,
                0.7137254901960784,
                0.7137254901960784,
                0.84
            ],
            [
                0.0,
                0.7137254901960784,
                0.7137254901960784,
                1.0
            ],
            [
                0.0,
                0.7137254901960784,
                0.7137254901960784,
                1
            ],
            [
                0.0,
                0.7137254901960784,
                0.7137254901960784,
                1
            ],
            [
                0.0,
                0.7137254901960784,
                0.7137254901960784,
                1
            ],
            [
                0.0,
                0.7137254901960784,
                0.7137254901960784,
                1.0
            ],
            [
                0.0,
                0.7137254901960784,
                0.7137254901960784,
                1
            ],
            [
                0.0,
                0.7137254901960784,
                0.7137254901960784,
                1
            ],
            [
                0.0,
                0.7137254901960784,
                0.7137254901960784,
                1.0
            ],
            [
                0.0,
                0.7137254901960784,
                0.7137254901960784,
                1.0
            ],
            [
                0.0,
                0.7137254901960784,
                0.7137254901960784,
                0.8333333333333334
            ],
            [
                0.0,
                0.7137254901960784,
                0.7137254901960784,
                0.6133333333333333
            ],
            [
                0.0,
                0.7137254901960784,
                0.7137254901960784,
                0.33333333333333337
            ],
            [
                0.0,
                0.7137254901960784,
                0.7137254901960784,
                0.1266666666666667
            ]
        ],
        "loop": true,
        "blend_mode": 2
    }
}