{
    "frameeffect": {
        "layer": 1,
        "shuffle": false,
        "cylinder_height": 1.0,
        "fade_distance": 0.0,
        "lerp_scale": true,
        "point_filtering": false,
        "delay_in_loop": false,
        "blend_mode": 2,
        "cylinder_radius_down": 1.0,
        "scale": [
            0.4,
            0.5,
            0.4
        ],
        "frame_color": [
            [
                0.3333333333333333,
                1.0,
                1.0,
                1
            ],
            [
                0.3333333333333333,
                1.0,
                1.0,
                1
            ],
            [
                0.3333333333333333,
                1.0,
                1.0,
                1
            ],
            [
                0.3333333333333333,
                1.0,
                1.0,
                1
            ],
            [
                0.3333333333333333,
                1.0,
                1.0,
                1
            ],
            [
                0.3333333333333333,
                1.0,
                1.0,
                1
            ],
            [
                0.3333333333333333,
                1.0,
                1.0,
                1
            ],
            [
                0.3333333333333333,
                1.0,
                1.0,
                1.0
            ],
            [
                0.3333333333333333,
                1.0,
                1.0,
                1
            ],
            [
                0.3333333333333333,
                1.0,
                1.0,
                1
            ],
            [
                0.3333333333333333,
                1.0,
                1.0,
                1
            ],
            [
                0.3333333333333333,
                1.0,
                1.0,
                1
            ],
            [
                0.3333333333333333,
                1.0,
                1.0,
                1
            ],
            [
                0.3333333333333333,
                1.0,
                1.0,
                1
            ],
            [
                0.3333333333333333,
                1.0,
                1.0,
                1
            ],
            [
                0.3333333333333333,
                1.0,
                1.0,
                1
            ],
            [
                0.3333333333333333,
                1.0,
                1.0,
                1
            ]
        ],
        "cylinder_frac_num": 4,
        "texture": "textures/sfxs/pet_dragon/ss_dog_s1dark_chibang4",
        "cylinder_radius_up": 1.0,
        "delay": 0.0,
        "sub_layer": 0,
        "fps": 16,
        "face_camera": false,
        "cylinder_enable": true,
        "tex_repeat_num": [
            1,
            1
        ],
        "first_person_enable": false,
        "depth_test": true,
        "rot_speed": [
            0.0,
            0.0,
            0.0
        ],
        "loop": true
    }
}