{
    "frameeffect": {
        "layer": 1,
        "scale": [
            0.2,
            0.35,
            1.0
        ],
        "shuffle": false,
        "fps": 30,
        "cylinder_enable": false,
        "fade_distance": 0.0,
        "depth_test": true,
        "delay_in_loop": false,
        "texture": "textures/sfxs/pet_dragon/ss_dog_s1dark_eyesfire01",
        "delay": 0.0,
        "sub_layer": 0,
        "lerp_scale": true,
        "tex_repeat_num": [
            1,
            1
        ],
        "point_filtering": false,
        "first_person_enable": false,
        "face_camera": false,
        "rot_speed": [
            0,
            0,
            0
        ],
        "frame_color": [
            [
                0.5254901960784314,
                1.0,
                0.9607843137254902,
                1.0
            ],
            [
                0.5254901960784314,
                1.0,
                0.9607843137254902,
                1
            ],
            [
                0.5254901960784314,
                1.0,
                0.9607843137254902,
                1
            ],
            [
                0.5254901960784314,
                1.0,
                0.9607843137254902,
                1
            ],
            [
                0.5254901960784314,
                1.0,
                0.9607843137254902,
                1
            ],
            [
                0.5254901960784314,
                1.0,
                0.9607843137254902,
                1.0
            ],
            [
                0.5254901960784314,
                1.0,
                0.9607843137254902,
                1
            ],
            [
                0.5254901960784314,
                1.0,
                0.9607843137254902,
                1
            ],
            [
                0.5254901960784314,
                1.0,
                0.9607843137254902,
                1
            ],
            [
                0.5254901960784314,
                1.0,
                0.9607843137254902,
                1
            ],
            [
                0.5254901960784314,
                1.0,
                0.9607843137254902,
                1
            ],
            [
                0.5254901960784314,
                1.0,
                0.9607843137254902,
                1
            ],
            [
                0.5254901960784314,
                1.0,
                0.9607843137254902,
                1
            ],
            [
                0.5254901960784314,
                1.0,
                0.9607843137254902,
                1.0
            ],
            [
                0.5254901960784314,
                1.0,
                0.9607843137254902,
                1
            ],
            [
                0.5254901960784314,
                1.0,
                0.9607843137254902,
                1
            ],
            [
                0.5254901960784314,
                1.0,
                0.9607843137254902,
                1.0
            ]
        ],
        "loop": true,
        "blend_mode": 2
    }
}