{
    "frameeffect": {
        "layer": 1,
        "scale": [
            0.21,
            0.22,
            0.2
        ],
        "shuffle": false,
        "cylinder_enable": false,
        "fade_distance": 0.0,
        "depth_test": true,
        "delay_in_loop": false,
        "texture": "textures/sfxs/pet_dragon/ss_dragon_qilin_wei1",
        "delay": 0.0,
        "sub_layer": 0,
        "lerp_scale": true,
        "tex_repeat_num": [
            1,
            1
        ],
        "fps": 16,
        "first_person_enable": false,
        "face_camera": false,
        "rot_speed": [
            0,
            0,
            0
        ],
        "frame_color": [
            [
                1,
                1,
                1,
                0.5666666666666667
            ],
            [
                1,
                1,
                1,
                0.5533333333333333
            ],
            [
                1,
                1,
                1,
                0.56
            ],
            [
                1,
                1,
                1,
                0.5533333333333333
            ],
            [
                1,
                1,
                1,
                0.56
            ],
            [
                1,
                1,
                1,
                0.56
            ],
            [
                1,
                1,
                1,
                0.5466666666666666
            ],
            [
                1,
                1,
                1,
                0.56
            ],
            [
                1,
                1,
                1,
                0.56
            ],
            [
                1,
                1,
                1,
                0.5466666666666666
            ],
            [
                1,
                1,
                1,
                0.5333333333333333
            ],
            [
                1,
                1,
                1,
                0.5333333333333333
            ],
            [
                1,
                1,
                1,
                0.5466666666666666
            ],
            [
                1,
                1,
                1,
                0.5533333333333333
            ],
            [
                1,
                1,
                1,
                0.56
            ],
            [
                1,
                1,
                1,
                0.56
            ],
            [
                1,
                1,
                1,
                0.5666666666666667
            ]
        ],
        "loop": true,
        "blend_mode": 2
    }
}