{
    "frameeffect": {
        "layer": 1,
        "shuffle": false,
        "cylinder_height": 2.0,
        "fade_distance": 0.0,
        "lerp_scale": true,
        "delay_in_loop": false,
        "blend_mode": 2,
        "cylinder_radius_down": 0.8,
        "scale": [
            0.1,
            0.4,
            0.1
        ],
        "frame_color": [
            [
                1,
                1,
                1,
                0.6866666666666666
            ],
            [
                1,
                1,
                1,
                0.7
            ],
            [
                1,
                1,
                1,
                0.7
            ],
            [
                1,
                1,
                1,
                0.6799999999999999
            ],
            [
                1,
                1,
                1,
                0.6866666666666666
            ],
            [
                1,
                1,
                1,
                0.6733333333333333
            ],
            [
                1,
                1,
                1,
                0.6799999999999999
            ],
            [
                1,
                1,
                1,
                0.6733333333333333
            ],
            [
                1,
                1,
                1,
                0.6799999999999999
            ],
            [
                1,
                1,
                1,
                0.6799999999999999
            ],
            [
                1,
                1,
                1,
                0.6933333333333334
            ],
            [
                1,
                1,
                1,
                0.6866666666666666
            ],
            [
                1,
                1,
                1,
                0.6866666666666666
            ],
            [
                1,
                1,
                1,
                0.6933333333333334
            ],
            [
                1,
                1,
                1,
                0.7
            ],
            [
                1,
                1,
                1,
                0.7133333333333334
            ],
            [
                1,
                1,
                1,
                0.6866666666666666
            ]
        ],
        "cylinder_frac_num": 4,
        "texture": "textures/sfxs/pet_dragon/ss_dragon_huiyuan_xh2",
        "cylinder_radius_up": 0.8,
        "delay": 0.0,
        "fps": 10,
        "face_camera": false,
        "cylinder_enable": true,
        "tex_repeat_num": [
            1,
            1
        ],
        "first_person_enable": false,
        "depth_test": true,
        "rot_speed": [
            0,
            0,
            0
        ],
        "loop": true
    }
}