{
    "frameeffect": {
        "layer": 1,
        "scale": [
            0.23,
            0.2,
            1.0
        ],
        "shuffle": false,
        "fps": 12,
        "cylinder_enable": false,
        "fade_distance": 0.0,
        "depth_test": true,
        "delay_in_loop": true,
        "texture": "textures/sfxs/pet_dragon/ss_dog_s1dark_by4",
        "delay": 0.0,
        "sub_layer": 0,
        "lerp_scale": true,
        "tex_repeat_num": [
            1,
            1
        ],
        "point_filtering": false,
        "first_person_enable": false,
        "face_camera": false,
        "rot_speed": [
            0,
            0,
            0
        ],
        "frame_color": [
            [
                0.08627450980392157,
                0.30980392156862746,
                0.3215686274509804,
                0.19333333333333336
            ],
            [
                0.08627450980392157,
                0.30980392156862746,
                0.3215686274509804,
                0.62
            ],
            [
                0.08627450980392157,
                0.30980392156862746,
                0.3215686274509804,
                0.8733333333333333
            ],
            [
                0.08627450980392157,
                0.30980392156862746,
                0.3215686274509804,
                0.9866666666666667
            ],
            [
                0.08627450980392157,
                0.30980392156862746,
                0.3215686274509804,
                0.9933333333333333
            ],
            [
                0.08627450980392157,
                0.30980392156862746,
                0.3215686274509804,
                1.0
            ],
            [
                0.2196078431372549,
                0.47843137254901963,
                0.43529411764705883,
                1.0
            ],
            [
                0.29411764705882354,
                0.5686274509803921,
                0.48627450980392156,
                1.0
            ],
            [
                0.3764705882352941,
                0.6745098039215687,
                0.5607843137254902,
                0.9666666666666667
            ],
            [
                0.3333333333333333,
                0.6666666666666666,
                0.4980392156862745,
                0.9466666666666667
            ],
            [
                0.9098039215686274,
                0.8823529411764706,
                0.7176470588235294,
                0.86
            ],
            [
                0.9098039215686274,
                0.8823529411764706,
                0.7176470588235294,
                0.7133333333333334
            ],
            [
                0.9098039215686274,
                0.8823529411764706,
                0.7176470588235294,
                0.64
            ],
            [
                0.9098039215686274,
                0.8823529411764706,
                0.7176470588235294,
                0.44666666666666666
            ],
            [
                0.9098039215686274,
                0.8823529411764706,
                0.7176470588235294,
                0.36
            ],
            [
                0.9098039215686274,
                0.8823529411764706,
                0.7176470588235294,
                0.0
            ],
            [
                0.08627450980392157,
                0.30980392156862746,
                0.3215686274509804,
                0.19333333333333336
            ]
        ],
        "loop": true,
        "blend_mode": 2
    }
}