{
    "frameeffect": {
        "layer": 1,
        "scale": [
            0.25,
            0.3,
            0.5
        ],
        "shuffle": false,
        "fade_distance": 0.0,
        "depth_test": true,
        "texture": "textures/sfxs/pet_dragon/ss_dragon_longlin",
        "delay": 0.0,
        "frame_color": [
            [
                0.0,
                1.0,
                1.0,
                0.0
            ],
            [
                0.0,
                1.0,
                1.0,
                0.0
            ],
            [
                0.3333333333333333,
                1.0,
                1.0,
                0.0
            ],
            [
                0.3333333333333333,
                1.0,
                1.0,
                0.0
            ],
            [
                0.3333333333333333,
                1.0,
                1.0,
                0.0
            ],
            [
                0.3333333333333333,
                1.0,
                1.0,
                0.0
            ],
            [
                0.3333333333333333,
                1.0,
                1.0,
                0.4933333333333333
            ],
            [
                0.0,
                1.0,
                1.0,
                1.0
            ],
            [
                1,
                1,
                1,
                1
            ],
            [
                0.0,
                1.0,
                1.0,
                0.0
            ]
        ],
        "lerp_scale": true,
        "tex_repeat_num": [
            1,
            1
        ],
        "fps": 5,
        "first_person_enable": false,
        "face_camera": false,
        "rot_speed": [
            0,
            0,
            0
        ],
        "cylinder_enable": false,
        "loop": true,
        "blend_mode": 1
    }
}