{
    "skeleton": [
        {
            "name": "Bone001",
            "parent": "Bone001",
            "initpos": [
                -521.170898,
                0.0,
                -51.17221
            ],
            "initquaternion": [
                0.707106,
                0.0,
                0.0,
                0.707106
            ],
            "initscale": [
                1.0,
                1.0,
                1.0
            ],
            "offmtx": [
                [
                    1.0,
                    0.0,
                    2.7729439011636714e-07,
                    521.170898
                ],
                [
                    -2.7729439011636714e-07,
                    0.0,
                    1.0,
                    51.172088
                ],
                [
                    0.0,
                    -1.0,
                    0.0,
                    0.0
                ]
            ],
            "boundingbox": [
                [
                    -388.308959,
                    -545.421325,
                    -0.172996
                ],
                [
                    1434.125854,
                    548.04364,
                    45.387878
                ]
            ]
        }
    ],
    "boundingbox": [
        [
            -909.479736,
            -45.387882,
            -596.593139
        ],
        [
            912.954772,
            0.172995,
            496.871276
        ]
    ]
}