{
    "skeleton": [
        {
            "name": "root",
            "parent": "root",
            "initpos": [
                0.0,
                64.812057,
                -2.625002
            ],
            "initquaternion": [
                0.707106,
                0.0,
                0.0,
                0.707106
            ],
            "initscale": [
                3.451953,
                1.691849,
                1.691849
            ],
            "offmtx": [
                [
                    0.66853,
                    0.0,
                    0.0,
                    0.0
                ],
                [
                    0.0,
                    0.0,
                    0.3937,
                    -0.527328
                ],
                [
                    0.0,
                    -0.3937,
                    0.0,
                    -1e-06
                ]
            ],
            "boundingbox": [
                [
                    -64.904663,
                    114.984024,
                    -61.012741
                ],
                [
                    66.054244,
                    114.984039,
                    27.20643
                ]
            ]
        }
    ],
    "boundingbox": [
        [
            -97.085624,
            -69.104339,
            293.398864
        ],
        [
            98.805198,
            154.972366,
            293.398925
        ]
    ]
}