{
    "frameeffect": {
        "blend_mode": 2,
        "cylinder_enable": false,
        "delay": 0.0,
        "delay_in_loop": false,
        "depth_test": true,
        "face_camera": false,
        "fade_distance": 0.0,
        "first_person_enable": false,
        "fps": 12,
        "frame_color": [
            [
                1,
                1,
                1,
                0.0
            ],
            [
                1,
                1,
                1,
                0.36
            ],
            [
                1,
                1,
                1,
                0.3466666666666667
            ],
            [
                1,
                1,
                1,
                0.31333333333333335
            ],
            [
                1,
                1,
                1,
                0.28
            ],
            [
                1,
                1,
                1,
                0.2466666666666667
            ],
            [
                1,
                1,
                1,
                0.22666666666666668
            ],
            [
                1,
                1,
                1,
                0.20666666666666667
            ],
            [
                1,
                1,
                1,
                0.16666666666666663
            ],
            [
                1,
                1,
                1,
                0.1333333333333333
            ],
            [
                1,
                1,
                1,
                0.12
            ],
            [
                1,
                1,
                1,
                0.09999999999999998
            ],
            [
                1,
                1,
                1,
                0.07999999999999996
            ],
            [
                1,
                1,
                1,
                0.046666666666666634
            ],
            [
                1,
                1,
                1,
                0.0
            ],
            [
                1,
                1,
                1,
                0.0
            ],
            [
                1,
                1,
                1,
                0.0
            ]
        ],
        "layer": 1,
        "lerp_scale": true,
        "loop": true,
        "point_filtering": true,
        "rot_speed": [
            0,
            0,
            0
        ],
        "scale": [
            0.37,
            0.4,
            0.38
        ],
        "shuffle": false,
        "sub_layer": 0,
        "tex_repeat_num": [
            1,
            1
        ],
        "texture": "textures/sfxs/2025s5/ss_s5Feng_weapon_lg"
    }
}