{
    "frameeffect": {
        "blend_mode": 2,
        "cylinder_enable": false,
        "delay": 0.0,
        "delay_in_loop": false,
        "depth_test": true,
        "face_camera": false,
        "fade_distance": 0.0,
        "first_person_enable": false,
        "fps": 8,
        "frame_color": [
            [
                1,
                1,
                1,
                0.5333333333333333
            ],
            [
                1,
                1,
                1,
                0.52
            ],
            [
                1,
                1,
                1,
                0.56
            ],
            [
                1,
                1,
                1,
                0.56
            ],
            [
                1,
                1,
                1,
                0.5866666666666667
            ],
            [
                1,
                1,
                1,
                0.43999999999999995
            ],
            [
                1,
                1,
                1,
                0.6466666666666667
            ],
            [
                1,
                1,
                1,
                0.5533333333333333
            ],
            [
                1,
                1,
                1,
                0.6466666666666667
            ],
            [
                1,
                1,
                1,
                0.5066666666666666
            ],
            [
                1,
                1,
                1,
                0.52
            ],
            [
                1,
                1,
                1,
                0.6
            ],
            [
                1,
                1,
                1,
                0.5533333333333333
            ],
            [
                1,
                1,
                1,
                0.4733333333333334
            ],
            [
                1,
                1,
                1,
                0.5266666666666666
            ],
            [
                1,
                1,
                1,
                0.5933333333333333
            ],
            [
                1,
                1,
                1,
                0.5333333333333333
            ]
        ],
        "layer": 2,
        "lerp_scale": true,
        "loop": true,
        "point_filtering": true,
        "rot_speed": [
            0,
            0,
            0
        ],
        "scale": [
            0.2,
            0.2,
            1.0
        ],
        "shuffle": false,
        "sub_layer": 0,
        "tex_repeat_num": [
            1,
            1
        ],
        "texture": "textures/sfxs/2025s5/ss_s5Fire_weaponA_xfm"
    }
}