{
    "frameeffect": {
        "blend_mode": 1,
        "cylinder_enable": false,
        "delay": 0.0,
        "delay_in_loop": false,
        "depth_test": true,
        "face_camera": false,
        "fade_distance": 0.0,
        "first_person_enable": false,
        "fps": 22,
        "frame_color": [
            [
                1,
                1,
                1,
                0.0
            ],
            [
                1,
                1,
                1,
                1
            ],
            [
                1,
                1,
                1,
                1
            ],
            [
                1,
                1,
                1,
                1
            ],
            [
                1,
                1,
                1,
                0.9733333333333334
            ],
            [
                1,
                1,
                1,
                0.9333333333333333
            ],
            [
                1,
                1,
                1,
                0.9
            ],
            [
                1,
                1,
                1,
                0.8666666666666667
            ],
            [
                1,
                1,
                1,
                0.8200000000000001
            ],
            [
                1,
                1,
                1,
                0.7866666666666666
            ],
            [
                1,
                1,
                1,
                0.76
            ],
            [
                1,
                1,
                1,
                0.6866666666666666
            ],
            [
                1,
                1,
                1,
                0.56
            ],
            [
                1,
                1,
                1,
                0.3733333333333333
            ],
            [
                1,
                1,
                1,
                0.20666666666666667
            ],
            [
                1,
                1,
                1,
                0.0
            ],
            [
                1,
                1,
                1,
                0.0
            ]
        ],
        "layer": 3,
        "lerp_scale": true,
        "loop": true,
        "point_filtering": true,
        "rot_speed": [
            0,
            0,
            0
        ],
        "scale": [
            0.4,
            0.4,
            0.4
        ],
        "shuffle": false,
        "sub_layer": 0,
        "tex_repeat_num": [
            1,
            1
        ],
        "texture": "textures/sfxs/2025s5/ss_s5feng_fp_da"
    }
}