{
    "position": {
        "0.0": [
            5.01861238,
            1.32253742,
            0.01992106
        ],
        "0.967": [
            2.01933742,
            1.01108754,
            0.01992095
        ],
        "1.4": [
            2.65183759,
            1.37316251,
            0.0199213
        ],
        "3.5": [
            4.31291866,
            1.0927,
            0.01992106
        ],
        "3.967": [
            4.39884949,
            0.93918705,
            0.01992083
        ],
        "4.0": [
            1.36550617,
            0.26497376,
            -0.62124425
        ],
        "4.5": [
            1.36551249,
            0.26497316,
            -0.62124753
        ],
        "4.533": [
            0.80456239,
            1.84168744,
            -1.86697483
        ],
        "5.4": [
            0.80455625,
            1.84168124,
            -1.86696851
        ],
        "5.433": [
            1.52675629,
            0.91961849,
            3.1949625
        ],
        "7.367": [
            0.4582839,
            0.96895611,
            3.90793753
        ],
        "8.5": [
            -2.69896269,
            0.96827507,
            2.96615648
        ],
        "10.0": [
            -3.68784976,
            0.97684383,
            -0.18226564
        ],
        "13.5": [
            0.08718348,
            1.18970609,
            -3.94921255
        ],
        "13.533": [
            4.10315561,
            1.76741898,
            0.01992154
        ],
        "13.833": [
            4.94182491,
            1.52536845,
            0.01992154
        ],
        "14.1": [
            5.01861238,
            1.32253742,
            0.01992106
        ]
    },
    "rotation": {
        "0.0": [
            -8.54e-06,
            88.99885559,
            -2.92368674
        ],
        "0.967": [
            -1e-05,
            88.99996185,
            4.3e-07
        ],
        "1.4": [
            -1e-05,
            88.99996185,
            4.3e-07
        ],
        "3.5": [
            -1e-05,
            88.99996185,
            4.3e-07
        ],
        "3.967": [
            -1e-05,
            88.99996185,
            4.3e-07
        ],
        "4.0": [
            1.00276554,
            109.97577667,
            -2.75636077
        ],
        "4.5": [
            1.00513887,
            109.95314026,
            3.841506
        ],
        "4.533": [
            -3.22276521,
            142.47488403,
            -13.95983601
        ],
        "5.4": [
            -3.22282624,
            142.47485352,
            -22.44470215
        ],
        "5.433": [
            -0.61351818,
            32.48875427,
            4.94902468
        ],
        "7.367": [
            0.87450296,
            10.29902172,
            6.77918005
        ],
        "8.5": [
            1.86242437,
            -40.07915115,
            7.35184336
        ],
        "10.0": [
            -0.34675524,
            -93.04187012,
            7.05388117
        ],
        "13.5": [
            0.47011995,
            177.07835388,
            3.2081666
        ],
        "13.533": [
            -2.561e-05,
            88.99906921,
            -7.44928932
        ],
        "13.833": [
            -4.183e-05,
            88.9987793,
            -4.98703289
        ],
        "14.1": [
            -8.54e-06,
            88.99885559,
            -2.92368674
        ]
    }
}