{
    "position": {
        "0.0": [
            11.30602837,
            2.19165325,
            0.00201654
        ],
        "1.333": [
            11.30602837,
            2.19165325,
            0.00201654
        ],
        "2.333": [
            11.30602837,
            2.19165325,
            0.00201654
        ],
        "3.333": [
            11.30602837,
            2.19165325,
            0.00201654
        ],
        "4.533": [
            11.30602837,
            2.19165325,
            0.00201654
        ]
    },
    "rotation": {
        "0.0": [
            0.32592773,
            89.97122192,
            -5.04039574
        ],
        "1.333": [
            -3.42e-06,
            89.99996948,
            16.41507339
        ],
        "2.333": [
            -6.4e-07,
            89.99984741,
            -5.04029322
        ],
        "3.333": [
            10.94846249,
            89.02223206,
            -5.13407421
        ],
        "4.533": [
            0.32592773,
            89.97122192,
            -5.04039574
        ]
    }
}