{
    "position": {
        "0.0": [
            0.0,
            0.0,
            0.0
        ],
        "0.967": [
            -2.07404184,
            -0.31144994,
            0.0
        ],
        "1.4": [
            -1.64254308,
            0.05062497,
            0.0
        ],
        "3.5": [
            -0.7056936,
            -0.2298376,
            -3e-08
        ],
        "3.967": [
            -0.61976236,
            -0.3833499,
            0.0
        ],
        "4.5": [
            -1.05684566,
            -0.39924002,
            1.11168754
        ],
        "5.433": [
            -2.61369658,
            -0.40291858,
            2.96043253
        ],
        "6.367": [
            -3.60998034,
            -0.37952542,
            3.68888283
        ],
        "7.367": [
            -4.89842796,
            -0.35358143,
            3.88255692
        ],
        "8.5": [
            -7.7175746,
            -0.35426188,
            2.9462347
        ],
        "10.0": [
            -8.70646286,
            -0.34569359,
            -0.20218658
        ],
        "11.3": [
            -7.49723101,
            -0.29968071,
            -2.99458432
        ],
        "12.7": [
            -3.33713055,
            -0.13283113,
            -3.75784683
        ],
        "14.1": [
            0.0,
            0.0,
            0.0
        ]
    },
    "rotation": {
        "0.0": [
            0,
            88.99868774,
            -1.291e-05
        ],
        "0.967": [
            0,
            88.99996185,
            9.5e-06
        ],
        "1.4": [
            0,
            88.99996185,
            9.5e-06
        ],
        "3.5": [
            0,
            88.99996185,
            9.5e-06
        ],
        "3.967": [
            0,
            88.99996185,
            9.5e-06
        ],
        "4.5": [
            0,
            75.46755981,
            0.0683673
        ],
        "5.433": [
            0,
            42.35838699,
            -1.36530709
        ],
        "6.367": [
            0,
            23.63259125,
            -0.4671542
        ],
        "7.367": [
            0,
            4.74025965,
            1.52997315
        ],
        "8.5": [
            0,
            -40.07915115,
            1.86242437
        ],
        "10.0": [
            0,
            -93.04187012,
            -0.34675524
        ],
        "11.3": [
            0,
            -143.12350464,
            0.1485762
        ],
        "12.7": [
            0,
            152.04324341,
            0.47018388
        ],
        "14.1": [
            0,
            88.99868774,
            -1.291e-05
        ]
    }
}