{
    "mesh": [
        {
            "material": "texture05",
            "indices": [
                [
                    3,
                    2,
                    1
                ],
                [
                    3,
                    1,
                    0
                ]
            ],
            "vertices": [
                {
                    "pos": [
                        -97.085624,
                        154.972366,
                        293.398864
                    ],
                    "normal": [
                        0.0,
                        -2.3841856489070778e-07,
                        -1.0
                    ],
                    "uvcoord": [
                        0.0,
                        0.012913
                    ],
                    "weight": [
                        [
                            "root",
                            1.0
                        ]
                    ]
                },
                {
                    "pos": [
                        -97.085624,
                        -69.104339,
                        293.398925
                    ],
                    "normal": [
                        0.0,
                        -2.3841856489070778e-07,
                        -1.0
                    ],
                    "uvcoord": [
                        0.0,
                        0.686553
                    ],
                    "weight": [
                        [
                            "root",
                            1.0
                        ]
                    ]
                },
                {
                    "pos": [
                        98.805198,
                        -69.104339,
                        293.398925
                    ],
                    "normal": [
                        0.0,
                        -2.3841856489070778e-07,
                        -1.0
                    ],
                    "uvcoord": [
                        1.0,
                        0.686553
                    ],
                    "weight": [
                        [
                            "root",
                            1.0
                        ]
                    ]
                },
                {
                    "pos": [
                        98.805198,
                        154.972366,
                        293.398864
                    ],
                    "normal": [
                        0.0,
                        -2.3841856489070778e-07,
                        -1.0
                    ],
                    "uvcoord": [
                        1.0,
                        0.012913
                    ],
                    "weight": [
                        [
                            "root",
                            1.0
                        ]
                    ]
                }
            ]
        }
    ]
}