{
    "mesh": [
        {
            "material": "login_baitian2",
            "indices": [
                [
                    3,
                    1,
                    0
                ],
                [
                    3,
                    2,
                    1
                ],
                [
                    7,
                    5,
                    4
                ],
                [
                    7,
                    6,
                    5
                ],
                [
                    11,
                    9,
                    8
                ],
                [
                    11,
                    10,
                    9
                ],
                [
                    15,
                    13,
                    12
                ],
                [
                    15,
                    14,
                    13
                ],
                [
                    19,
                    17,
                    16
                ],
                [
                    19,
                    18,
                    17
                ],
                [
                    23,
                    21,
                    20
                ],
                [
                    23,
                    22,
                    21
                ]
            ],
            "vertices": [
                {
                    "pos": [
                        -909.479248,
                        -45.387882,
                        -596.592895
                    ],
                    "normal": [
                        0.0,
                        -0.999999,
                        0.0
                    ],
                    "uvcoord": [
                        0.599628,
                        0.4012
                    ],
                    "weight": [
                        [
                            "Bone001",
                            1.0
                        ]
                    ]
                },
                {
                    "pos": [
                        -909.478027,
                        -45.38784,
                        496.871276
                    ],
                    "normal": [
                        0.0,
                        -1.0,
                        0.0
                    ],
                    "uvcoord": [
                        0.599628,
                        0.044795
                    ],
                    "weight": [
                        [
                            "Bone001",
                            1.0
                        ]
                    ]
                },
                {
                    "pos": [
                        912.954772,
                        -45.387718,
                        496.870727
                    ],
                    "normal": [
                        0.0,
                        -1.0,
                        0.0
                    ],
                    "uvcoord": [
                        0.005622,
                        0.044796
                    ],
                    "weight": [
                        [
                            "Bone001",
                            1.0
                        ]
                    ]
                },
                {
                    "pos": [
                        912.953796,
                        -45.387821,
                        -596.593139
                    ],
                    "normal": [
                        0.0,
                        -1.0,
                        0.0
                    ],
                    "uvcoord": [
                        0.005622,
                        0.401201
                    ],
                    "weight": [
                        [
                            "Bone001",
                            1.0
                        ]
                    ]
                },
                {
                    "pos": [
                        -909.479736,
                        0.172803,
                        -596.592895
                    ],
                    "normal": [
                        -0.0,
                        1.0,
                        -0.0
                    ],
                    "uvcoord": [
                        0.005622,
                        0.76126
                    ],
                    "weight": [
                        [
                            "Bone001",
                            1.0
                        ]
                    ]
                },
                {
                    "pos": [
                        912.953674,
                        0.172986,
                        -596.593139
                    ],
                    "normal": [
                        -0.0,
                        1.0,
                        -0.0
                    ],
                    "uvcoord": [
                        0.599628,
                        0.76126
                    ],
                    "weight": [
                        [
                            "Bone001",
                            1.0
                        ]
                    ]
                },
                {
                    "pos": [
                        912.95465,
                        0.172995,
                        496.870758
                    ],
                    "normal": [
                        -0.0,
                        1.0,
                        -0.0
                    ],
                    "uvcoord": [
                        0.599628,
                        0.404855
                    ],
                    "weight": [
                        [
                            "Bone001",
                            1.0
                        ]
                    ]
                },
                {
                    "pos": [
                        -909.478027,
                        0.172923,
                        496.871246
                    ],
                    "normal": [
                        -0.0,
                        1.0,
                        -0.0
                    ],
                    "uvcoord": [
                        0.005623,
                        0.404855
                    ],
                    "weight": [
                        [
                            "Bone001",
                            1.0
                        ]
                    ]
                },
                {
                    "pos": [
                        -909.479248,
                        -45.387882,
                        -596.592895
                    ],
                    "normal": [
                        -1.3396410736277176e-07,
                        -2.3841948859626427e-07,
                        -1.0
                    ],
                    "uvcoord": [
                        0.621079,
                        0.76126
                    ],
                    "weight": [
                        [
                            "Bone001",
                            1.0
                        ]
                    ]
                },
                {
                    "pos": [
                        912.953796,
                        -45.387821,
                        -596.593139
                    ],
                    "normal": [
                        -1.3396410736277176e-07,
                        -2.3841948859626427e-07,
                        -1.0
                    ],
                    "uvcoord": [
                        0.621079,
                        0.167254
                    ],