{
    "frameeffect": {
        "layer": 1,
        "shuffle": false,
        "cylinder_height": 1.0,
        "fade_distance": 0.0,
        "lerp_scale": true,
        "delay_in_loop": false,
        "blend_mode": 2,
        "cylinder_radius_down": 0.4,
        "scale": [
            1.0,
            1.0,
            1.0
        ],
        "frame_color": [
            [
                1,
                1,
                1,
                0.14
            ],
            [
                1,
                1,
                1,
                0.14
            ],
            [
                1,
                1,
                1,
                0.14
            ],
            [
                1,
                1,
                1,
                0.1466666666666666
            ],
            [
                1,
                1,
                1,
                0.1466666666666666
            ],
            [
                1,
                1,
                1,
                0.14
            ],
            [
                1,
                1,
                1,
                0.1466666666666666
            ],
            [
                1,
                1,
                1,
                0.1466666666666666
            ],
            [
                1,
                1,
                1,
                0.15333333333333332
            ],
            [
                1,
                1,
                1,
                0.15333333333333332
            ],
            [
                1,
                1,
                1,
                0.15333333333333332
            ],
            [
                1,
                1,
                1,
                0.16000000000000003
            ],
            [
                1,
                1,
                1,
                0.15333333333333332
            ],
            [
                1,
                1,
                1,
                0.15333333333333332
            ],
            [
                1,
                1,
                1,
                0.15333333333333332
            ],
            [
                1,
                1,
                1,
                0.15333333333333332
            ],
            [
                1,
                1,
                1,
                0.14
            ]
        ],
        "cylinder_frac_num": 30,
        "texture": "textures/sfxs/pet_rabbit/xy_rabi_assasin_ql",
        "cylinder_radius_up": 0.4,
        "delay": 0.0,
        "fps": 16,
        "face_camera": false,
        "cylinder_enable": true,
        "tex_repeat_num": [
            1,
            1
        ],
        "first_person_enable": false,
        "depth_test": true,
        "rot_speed": [
            0.0,
            30.0,
            0.0
        ],
        "loop": true
    }
}