{
    "frameeffect": {
        "layer": 1,
        "scale": [
            0.15,
            0.16,
            0.15
        ],
        "shuffle": false,
        "fps": 16,
        "cylinder_enable": false,
        "fade_distance": 0.0,
        "depth_test": true,
        "delay_in_loop": false,
        "texture": "textures/sfxs/pet_rabbit/xy_rabi_ender_yifu",
        "delay": 0.0,
        "sub_layer": 0,
        "lerp_scale": true,
        "tex_repeat_num": [
            1,
            1
        ],
        "point_filtering": false,
        "first_person_enable": false,
        "face_camera": false,
        "rot_speed": [
            0.0,
            0.0,
            -0.1
        ],
        "frame_color": [
            [
                1,
                1,
                1,
                0.5333333333333333
            ],
            [
                1,
                1,
                1,
                0.5333333333333333
            ],
            [
                1,
                1,
                1,
                0.52
            ],
            [
                1,
                1,
                1,
                0.5266666666666666
            ],
            [
                1,
                1,
                1,
                0.5
            ],
            [
                1,
                1,
                1,
                0.4933333333333333
            ],
            [
                1,
                1,
                1,
                0.4933333333333333
            ],
            [
                1,
                1,
                1,
                0.4866666666666667
            ],
            [
                1,
                1,
                1,
                0.4733333333333334
            ],
            [
                1,
                1,
                1,
                0.4733333333333334
            ],
            [
                1,
                1,
                1,
                0.45333333333333337
            ],
            [
                1,
                1,
                1,
                0.45999999999999996
            ],
            [
                1,
                1,
                1,
                0.45333333333333337
            ],
            [
                1,
                1,
                1,
                0.43999999999999995
            ],
            [
                1,
                1,
                1,
                0.42666666666666664
            ],
            [
                1,
                1,
                1,
                0.41333333333333333
            ],
            [
                1,
                1,
                1,
                0.5333333333333333
            ]
        ],
        "loop": true,
        "blend_mode": 2
    }
}