{
    "frameeffect": {
        "blend_mode": 2,
        "cylinder_enable": true,
        "cylinder_frac_num": 16,
        "cylinder_height": 1.5,
        "cylinder_radius_down": 0.12,
        "cylinder_radius_up": 0.3,
        "delay": 1.8,
        "delay_in_loop": true,
        "depth_test": true,
        "face_camera": false,
        "fade_distance": 0.0,
        "first_person_enable": false,
        "fps": 16,
        "frame_color": [
            [
                1,
                1,
                1,
                0.15333333333333332
            ],
            [
                1,
                1,
                1,
                0.3666666666666667
            ],
            [
                1,
                1,
                1,
                0.5066666666666666
            ],
            [
                1,
                1,
                1,
                0.5800000000000001
            ],
            [
                1,
                1,
                1,
                0.6466666666666667
            ],
            [
                1,
                1,
                1,
                0.6533333333333333
            ],
            [
                1,
                1,
                1,
                0.6666666666666667
            ],
            [
                1,
                1,
                1,
                0.6666666666666667
            ],
            [
                1,
                1,
                1,
                0.6599999999999999
            ],
            [
                1,
                1,
                1,
                0.6666666666666667
            ],
            [
                1,
                1,
                1,
                0.6333333333333333
            ],
            [
                1,
                1,
                1,
                0.5800000000000001
            ],
            [
                1,
                1,
                1,
                0.5333333333333333
            ],
            [
                1,
                1,
                1,
                0.41333333333333333
            ],
            [
                1,
                1,
                1,
                0.28
            ],
            [
                1,
                1,
                1,
                0.0
            ],
            [
                1,
                1,
                1,
                0.15333333333333332
            ]
        ],
        "layer": 0,
        "lerp_scale": true,
        "loop": true,
        "point_filtering": true,
        "rot_speed": [
            0.0,
            60.0,
            0.0
        ],
        "scale": [
            1.0,
            1.0,
            1.0
        ],
        "shuffle": false,
        "sub_layer": 0,
        "tex_repeat_num": [
            1,
            1
        ],
        "texture": "textures/sfxs/2025s6/cs_s6Yaksha_skin_gq"
    }
}