{
    "frameeffect": {
        "blend_mode": 1,
        "cylinder_enable": false,
        "delay": 1.0,
        "delay_in_loop": true,
        "depth_test": true,
        "face_camera": false,
        "fade_distance": 0.0,
        "first_person_enable": false,
        "fps": 16,
        "frame_color": [
            [
                1,
                1,
                1,
                0.0
            ],
            [
                1,
                1,
                1,
                1
            ],
            [
                1,
                1,
                1,
                1
            ],
            [
                1,
                1,
                1,
                1
            ],
            [
                1,
                1,
                1,
                1.0
            ],
            [
                1,
                1,
                1,
                0.9666666666666667
            ],
            [
                1,
                1,
                1,
                0.9666666666666667
            ],
            [
                1,
                1,
                1,
                0.92
            ],
            [
                1,
                1,
                1,
                0.8066666666666666
            ],
            [
                1,
                1,
                1,
                0.6733333333333333
            ],
            [
                1,
                1,
                1,
                0.5266666666666666
            ],
            [
                1,
                1,
                1,
                0.3933333333333333
            ],
            [
                1,
                1,
                1,
                0.29333333333333333
            ],
            [
                1,
                1,
                1,
                0.19999999999999996
            ],
            [
                1,
                1,
                1,
                0.15333333333333332
            ],
            [
                1,
                1,
                1,
                0.07999999999999996
            ],
            [
                1,
                1,
                1,
                0.0
            ]
        ],
        "layer": 2,
        "lerp_scale": true,
        "loop": true,
        "point_filtering": true,
        "rot_speed": [
            0.0,
            0.0,
            0.0
        ],
        "scale": [
            0.18,
            0.18,
            1.0
        ],
        "shuffle": false,
        "sub_layer": 0,
        "tex_repeat_num": [
            1,
            1
        ],
        "texture": "textures/sfxs/2025s6/cs_s6FireDragon_skin_yj1"
    }
}