{
    "frameeffect": {
        "blend_mode": 2,
        "cylinder_enable": false,
        "delay": 0.0,
        "delay_in_loop": false,
        "depth_test": true,
        "face_camera": false,
        "fade_distance": 0.0,
        "first_person_enable": false,
        "fps": 16,
        "frame_color": [
            [
                1,
                1,
                1,
                0.6866666666666666
            ],
            [
                1,
                1,
                1,
                0.6799999999999999
            ],
            [
                1,
                1,
                1,
                0.6866666666666666
            ],
            [
                1,
                1,
                1,
                0.6866666666666666
            ],
            [
                1,
                1,
                1,
                0.6866666666666666
            ],
            [
                1,
                1,
                1,
                0.6799999999999999
            ],
            [
                1,
                1,
                1,
                0.6799999999999999
            ],
            [
                1,
                1,
                1,
                0.6799999999999999
            ],
            [
                1,
                1,
                1,
                0.6799999999999999
            ],
            [
                1,
                1,
                1,
                0.6733333333333333
            ],
            [
                1,
                1,
                1,
                0.6733333333333333
            ],
            [
                1,
                1,
                1,
                0.6799999999999999
            ],
            [
                1,
                1,
                1,
                0.6666666666666667
            ],
            [
                1,
                1,
                1,
                0.6599999999999999
            ],
            [
                1,
                1,
                1,
                0.6733333333333333
            ],
            [
                1,
                1,
                1,
                0.6933333333333334
            ],
            [
                1,
                1,
                1,
                0.6866666666666666
            ]
        ],
        "layer": 3,
        "lerp_scale": true,
        "loop": true,
        "point_filtering": false,
        "rot_speed": [
            0,
            0,
            0
        ],
        "scale": [
            0.55,
            0.55,
            0.55
        ],
        "shuffle": false,
        "sub_layer": 0,
        "tex_repeat_num": [
            1,
            1
        ],
        "texture": "textures/sfxs/2025s6/cs_s6Jiaolong_horse_ql11"
    }
}