{
    "frameeffect": {
        "blend_mode": 2,
        "cylinder_enable": false,
        "delay": 4.0,
        "delay_in_loop": true,
        "depth_test": true,
        "face_camera": false,
        "fade_distance": 0.0,
        "first_person_enable": false,
        "fps": 30,
        "frame_color": [
            [
                1,
                1,
                1,
                0.33333333333333337
            ],
            [
                1,
                1,
                1,
                0.33333333333333337
            ],
            [
                1,
                1,
                1,
                0.33333333333333337
            ],
            [
                1,
                1,
                1,
                0.33999999999999997
            ],
            [
                1,
                1,
                1,
                0.33999999999999997
            ],
            [
                1,
                1,
                1,
                0.33999999999999997
            ],
            [
                1,
                1,
                1,
                0.3466666666666667
            ],
            [
                1,
                1,
                1,
                0.3466666666666667
            ],
            [
                1,
                1,
                1,
                0.3466666666666667
            ],
            [
                1,
                1,
                1,
                0.3466666666666667
            ],
            [
                1,
                1,
                1,
                0.3466666666666667
            ],
            [
                1,
                1,
                1,
                0.3466666666666667
            ],
            [
                1,
                1,
                1,
                0.33999999999999997
            ],
            [
                1,
                1,
                1,
                0.33333333333333337
            ],
            [
                1,
                1,
                1,
                0.33999999999999997
            ],
            [
                1,
                1,
                1,
                0.33333333333333337
            ],
            [
                1,
                1,
                1,
                0.33333333333333337
            ]
        ],
        "layer": 1,
        "lerp_scale": true,
        "loop": true,
        "point_filtering": true,
        "rot_speed": [
            0,
            0,
            0
        ],
        "scale": [
            0.19,
            0.19,
            0.19
        ],
        "shuffle": false,
        "sub_layer": 8,
        "tex_repeat_num": [
            1,
            1
        ],
        "texture": "textures/sfxs/2025s6/ss_s6Creeper_Craft_xhsg"
    }
}