{
    "frameeffect": {
        "blend_mode": 1,
        "cylinder_enable": true,
        "cylinder_frac_num": 32,
        "cylinder_height": 1.5,
        "cylinder_radius_down": 0.71,
        "cylinder_radius_up": 1.03,
        "delay": 0.0,
        "delay_in_loop": false,
        "depth_test": true,
        "face_camera": false,
        "fade_distance": 0.0,
        "first_person_enable": false,
        "fps": 18,
        "frame_color": [
            [
                1,
                1,
                1,
                0.31999999999999995
            ],
            [
                1,
                1,
                1,
                0.30666666666666664
            ],
            [
                1,
                1,
                1,
                0.32666666666666666
            ],
            [
                1,
                1,
                1,
                0.31333333333333335
            ],
            [
                1,
                1,
                1,
                0.31333333333333335
            ],
            [
                1,
                1,
                1,
                0.2866666666666666
            ],
            [
                1,
                1,
                1,
                0.30000000000000004
            ],
            [
                1,
                1,
                1,
                0.30000000000000004
            ],
            [
                1,
                1,
                1,
                0.2866666666666666
            ],
            [
                1,
                1,
                1,
                0.2866666666666666
            ],
            [
                1,
                1,
                1,
                0.31333333333333335
            ],
            [
                1,
                1,
                1,
                0.28
            ],
            [
                1,
                1,
                1,
                0.31333333333333335
            ],
            [
                1,
                1,
                1,
                0.28
            ],
            [
                1,
                1,
                1,
                0.2733333333333333
            ],
            [
                1,
                1,
                1,
                0.30666666666666664
            ],
            [
                1,
                1,
                1,
                0.31999999999999995
            ]
        ],
        "layer": 1,
        "lerp_scale": true,
        "loop": true,
        "point_filtering": false,
        "rot_speed": [
            0,
            0,
            0
        ],
        "scale": [
            0.85,
            0.6,
            0.85
        ],
        "shuffle": false,
        "sub_layer": 0,
        "tex_repeat_num": [
            1,
            1
        ],
        "texture": "textures/sfxs/2025s6/ss_s6FireDragon_fz_gz"
    }
}