{
    "frameeffect": {
        "blend_mode": 2,
        "cylinder_enable": false,
        "delay": 0.0,
        "delay_in_loop": false,
        "depth_test": true,
        "face_camera": false,
        "fade_distance": 0.0,
        "first_person_enable": false,
        "fps": 12,
        "frame_color": [
            [
                1,
                1,
                1,
                0.6066666666666667
            ],
            [
                1,
                1,
                1,
                0.6066666666666667
            ],
            [
                1,
                1,
                1,
                0.6066666666666667
            ],
            [
                1,
                1,
                1,
                0.6066666666666667
            ],
            [
                1,
                1,
                1,
                0.6066666666666667
            ],
            [
                1,
                1,
                1,
                0.6066666666666667
            ],
            [
                1,
                1,
                1,
                0.6133333333333333
            ],
            [
                1,
                1,
                1,
                0.6066666666666667
            ],
            [
                1,
                1,
                1,
                0.6
            ],
            [
                1,
                1,
                1,
                0.6
            ],
            [
                1,
                1,
                1,
                0.6
            ],
            [
                1,
                1,
                1,
                0.6
            ],
            [
                1,
                1,
                1,
                0.5933333333333333
            ],
            [
                1,
                1,
                1,
                0.6
            ],
            [
                1,
                1,
                1,
                0.5933333333333333
            ],
            [
                1,
                1,
                1,
                0.5933333333333333
            ],
            [
                1,
                1,
                1,
                0.6066666666666667
            ]
        ],
        "layer": 1,
        "lerp_scale": true,
        "loop": true,
        "point_filtering": true,
        "rot_speed": [
            0,
            0,
            0
        ],
        "scale": [
            0.6,
            0.65,
            0.65
        ],
        "shuffle": false,
        "sub_layer": 0,
        "tex_repeat_num": [
            1,
            1
        ],
        "texture": "textures/sfxs/2025s6/ss_s6Jiaolong_weapon_lg4"
    }
}