{
    "frameeffect": {
        "blend_mode": 2,
        "cylinder_enable": false,
        "delay": 0.0,
        "delay_in_loop": false,
        "depth_test": true,
        "face_camera": true,
        "fade_distance": 0.0,
        "first_person_enable": false,
        "fps": 13,
        "frame_color": [
            [
                1.0,
                0.11372549019607843,
                0.5137254901960784,
                0.5533333333333333
            ],
            [
                1.0,
                0.11372549019607843,
                0.5137254901960784,
                0.8533333333333333
            ],
            [
                1.0,
                0.11372549019607843,
                0.5137254901960784,
                0.7466666666666666
            ],
            [
                1.0,
                0.11372549019607843,
                0.5137254901960784,
                0.8933333333333333
            ],
            [
                1.0,
                0.11372549019607843,
                0.5137254901960784,
                1.0
            ],
            [
                1.0,
                0.11372549019607843,
                0.5137254901960784,
                0.9533333333333334
            ],
            [
                1.0,
                0.11372549019607843,
                0.5137254901960784,
                0.8866666666666667
            ],
            [
                1.0,
                0.11372549019607843,
                0.5137254901960784,
                0.64
            ],
            [
                1.0,
                0.11372549019607843,
                0.5137254901960784,
                0.5533333333333333
            ]
        ],
        "layer": 1,
        "lerp_scale": true,
        "loop": true,
        "point_filtering": false,
        "rot_speed": [
            0,
            0,
            0
        ],
        "scale": [
            0.2,
            0.2,
            1.0
        ],
        "shuffle": false,
        "sub_layer": 0,
        "tex_repeat_num": [
            1,
            1
        ],
        "texture": "textures/sfxs/2025s6/ss_s6FlowerDragon_weaponA_glow01"
    }
}