{
    "frameeffect": {
        "layer": 1,
        "scale": [
            0.2,
            0.2,
            0.2
        ],
        "shuffle": false,
        "fps": 8,
        "cylinder_enable": false,
        "fade_distance": 0.0,
        "depth_test": true,
        "delay_in_loop": false,
        "texture": "textures/sfxs/pet_penguin/xy_penguin_azure_lg01",
        "delay": 0.0,
        "sub_layer": 3,
        "lerp_scale": true,
        "tex_repeat_num": [
            1,
            1
        ],
        "point_filtering": true,
        "first_person_enable": false,
        "face_camera": false,
        "rot_speed": [
            0.0,
            0.0,
            0.0
        ],
        "frame_color": [
            [
                1,
                1,
                1,
                0.29333333333333333
            ],
            [
                1,
                1,
                1,
                0.22666666666666668
            ],
            [
                1,
                1,
                1,
                0.3466666666666667
            ],
            [
                1,
                1,
                1,
                0.42000000000000004
            ],
            [
                1,
                1,
                1,
                0.45999999999999996
            ],
            [
                1,
                1,
                1,
                0.5
            ],
            [
                1,
                1,
                1,
                0.4733333333333334
            ],
            [
                1,
                1,
                1,
                0.5733333333333333
            ],
            [
                1,
                1,
                1,
                0.5066666666666666
            ],
            [
                1,
                1,
                1,
                0.4866666666666667
            ],
            [
                1,
                1,
                1,
                0.4933333333333333
            ],
            [
                1,
                1,
                1,
                0.5066666666666666
            ],
            [
                1,
                1,
                1,
                0.41333333333333333
            ],
            [
                1,
                1,
                1,
                0.43999999999999995
            ],
            [
                1,
                1,
                1,
                0.45999999999999996
            ],
            [
                1,
                1,
                1,
                0.3466666666666667
            ],
            [
                1,
                1,
                1,
                0.29333333333333333
            ]
        ],
        "loop": true,
        "blend_mode": 1
    }
}